uniprot_id,gene,PC1_loading,PC2_loading,compartment
A0A096MIV5,Abcf2,-0.01043,0.00764,Other
A0A096MJA9,Asph,-0.00283,-0.00812,Nucleus
A0A096MJE3,Gspt2,-0.00827,-0.02663,Other
A0A096MJL4,Tlk1,0.01861,0.01065,Other
A0A096MJM8,Las1l,0.01393,-0.00569,Nucleus
A0A096MJX5,C3h9orf78,4e-4,-0.01319,Nucleus
A0A096MJY1,Gpc6,-0.01891,0.01821,Other
A0A096MJZ0,Dnal1,-0.01023,-0.00537,Cytoskeleton
A0A096MK48,Serf1,-0.02054,0.01522,Other
A0A096MK61,Crtap,0.02252,-0.00609,Other
A0A096MK89,Adgrv1,0.01089,0.01558,Cytoskeleton
A0A096MKB0,Rab24,-0.01019,0.02662,Mitochondrion
A0A096MKC0,Gigyf2,-0.00176,-0.00128,Other
A0A096MKD1,Eef1akmt1,0.01598,-0.00996,Other
A0A096MKE9,Lig3,-0.01248,0.0153,Mitochondrion
A0A096MKH2,Vta1,0.00339,-0.02515,Other
A0A0G2JT63,Cyfip2,0.01007,0.00658,Nucleus
A0A0G2JT78,Rab6b,0.01247,-0.01396,Other
A0A0G2JT90,Ash2l,-0.00553,-0.02845,Nucleus
A0A0G2JTA4;A0ABK0LK09,Gvin1;Gvinp1,9.7e-4,-7.4e-4,Other
A0A0G2JTR4,Abr,-0.00226,-0.01619,Other
A0A0G2JTX2,Praf2,-0.02385,-0.00705,Other
A0A0G2JTZ9,Abcg3l2,-0.00313,0.01448,Other
A0A0G2JU15,Ptcd3,0.01682,-0.0174,Mitochondrion
A0A0G2JU45,Trmt5,-0.0042,-0.03202,Mitochondrion
A0A0G2JU49,Mtx1,0.01034,0.01594,Mitochondrion
A0A0G2JU91,Ncor2,-0.01338,-0.01503,Nucleus
A0A0G2JUC8,Rbx1,0.02489,1.4e-4,Cytoskeleton
A0A0G2JUC9,Herc2,0.00312,-0.00536,Cytoskeleton
A0A0G2JUG7,Iqsec1,-0.01813,0.0062,Other
A0A0G2JUH2,Ddx19b,-0.00635,-0.02211,Nucleus
A0A0G2JUH4,Pnkp,-0.00455,0.02595,Nucleus
A0A0G2JUK2,Lsm14a,-0.01069,0.03015,Cytoskeleton
A0A0G2JUU7,Tubgcp3,0.00916,-0.0113,Cytoskeleton
A0A0G2JUY1,Nedd4l,0.01211,0.02195,Other
A0A0G2JV12,Col15a1,0.01011,0.00901,Other
A0A0G2JV24,Thbs1,-0.00876,-0.00281,Other
A0A0G2JV49,Ppp6r2,-0.00102,0.00771,Other
A0A0G2JVL6,Ndufa8,0.01235,-4e-5,Mitochondrion
A0A0G2JVP5,Paip1,0.01996,-0.00163,Other
A0A0G2JVT8,Samd9l,0.01461,-0.01089,Other
A0A0G2JW34,Cisd3,0.00692,-0.01187,Mitochondrion
A0A0G2JW94,Clint1,-0.02678,0.00949,Nucleus
A0A0G2JWA3,Xpo7,0.01943,0.01115,Nucleus
A0A0G2JWB6,Pxdn,-0.00976,0.01184,Other
A0A0G2JWG1,Man2a2,0.00772,0.00513,Other
A0A0G2JWH3,Ncapd2,0.00221,-0.00203,Nucleus
A0A0G2JWT6,Pex16,0.01379,0.0061,Nucleus
A0A0G2JWW8,Med30,-5.3e-4,0.00683,Nucleus
A0A0G2JWZ0;A0ABK0L886;D3ZS52,Tmem258;Tmem258b;Tmem258l4,-0.01315,-0.01268,Other
A0A0G2JX20,Katnb1,-0.01338,-0.02462,Cytoskeleton
A0A0G2JX25,Gmpr2,0.0105,0.03197,Other
A0A0G2JX46,Kcmf1,-0.02447,0.00293,Other
A0A0G2JXI6,Cyrib,-0.00993,0.00949,Mitochondrion
A0A0G2JXM5,Poldip3,0.00207,0.00288,Nucleus
A0A0G2JXN8,Osbpl8,-0.00173,-0.01585,Nucleus
A0A0G2JXT6,Mtmr6,-0.00573,-0.0225,Nucleus
A0A0G2JXT8,Flnb,-0.01959,-0.02488,Cytoskeleton
A0A0G2JXT9,Arhgef17,0.00719,-0.00592,Other
A0A0G2JXZ1,Cers5,-0.01101,0.02481,Nucleus
A0A0G2JY80,Tbl1x,0.0018600000000000001,5.3e-4,Cytoskeleton
A0A0G2JYE0,Atxn2l,-0.01064,-0.03018,Nucleus
A0A0G2JYF7,Ctnna2,-0.01812,-0.00799,Cytoskeleton
A0A0G2JYJ7,Rbms2,-0.01988,-0.01205,Other
A0A0G2JYN4,Ergic2,0.00417,-0.01776,Nucleus
A0A0G2JYR4,Lrba,-0.00415,0.00566,Nucleus
A0A0G2JYR5,Arhgap1,0.022,-0.01145,Nucleus
A0A0G2JYZ3,Fam3a,0.00677,-0.00878,Other
A0A0G2JZ38,Fhod1,-0.01449,-0.01481,Cytoskeleton
A0A0G2JZ48,Tmf1,-0.01531,0.00329,Other
A0A0G2JZ53,Birc6,-0.00834,-0.02156,Cytoskeleton
A0A0G2JZF6,Ndufaf2,-0.00944,-0.01177,Mitochondrion
A0A0G2JZH8,Pdhx,0.02221,-5e-5,Mitochondrion
A0A0G2JZH9,Dhx57,7.3e-4,0.00656,Other
A0A0G2JZJ1,Psmd14,0.01543,-0.01202,Other
A0A0G2JZR6,Gatad2b,-0.00868,0.01543,Nucleus
A0A0G2JZS1,Kpna6,0.02155,-0.01003,Nucleus
A0A0G2JZT9,Polr2l,0.00491,-0.01228,Other
A0A0G2JZY0,Lsm14b,-0.01102,-0.00438,Other
A0A0G2JZZ4,Selenom,5.2e-4,-0.03069,Nucleus
A0A0G2K059,Mcu,0.02662,0.00362,Mitochondrion
A0A0G2K0D3,Lmod1,-0.02144,-0.00127,Cytoskeleton
A0A0G2K0E0,Ddx56,0.00968,-0.0047,Nucleus
A0A0G2K0F4,Rassf8,0.01493,0.01471,Other
A0A0G2K0G9,Rin3,-7.2e-4,-0.024140000000000002,Other
A0A0G2K0J4,Nipbl,0.00603,-0.00822,Nucleus
A0A0G2K0J7,Ctdp1,-0.00977,-0.00873,Cytoskeleton
A0A0G2K0L0,Papss1,-0.01584,0.02025,Other
A0A0G2K0P1,Kifap3,0.01518,0.02125,Cytoskeleton
A0A0G2K0W3,Ttyh3,0.00326,0.00288,Other
A0A0G2K0Y2,Igf2bp3,-0.01655,-0.00719,Other
A0A0G2K162,Epb41l2,-0.02387,0.00953,Cytoskeleton
A0A0G2K189,Scrn3,-0.02007,-0.0157,Other
A0A0G2K1A1,Zfp706,-0.0077,0.00861,Other
A0A0G2K1B1,Zfp428,-0.01925,0.01999,Other
A0A0G2K1B6,Nfix,-0.00237,-0.008,Nucleus
A0A0G2K1D2,Rap1gds1,0.00657,-0.00977,Mitochondrion
A0A0G2K1K5,Trappc11,0.01076,0.01194,Other
A0A0G2K1L0,Tnc,-0.00188,-0.01347,Other
A0A0G2K1V3,Tsen15,-0.00254,0.0318,Nucleus
A0A0G2K1W9,Ldhd,-0.0117,0.00629,Mitochondrion
A0A0G2K254,Ndc80,-0.00948,0.00148,Cytoskeleton
A0A0G2K261,Iars2,-0.00587,-0.01781,Mitochondrion
A0A0G2K264,Dap3,0.01532,-0.00748,Mitochondrion
A0A0G2K2A7,Med11,0.00685,0.01238,Nucleus
A0A0G2K2C4,Ldb3,-0.02293,0.00755,Cytoskeleton
A0A0G2K2C7,Usp9x,0.02272,0.02038,Cytoskeleton
A0A0G2K2D4,Agap3,0.01089,-0.01581,Other
A0A0G2K2H0,Axl,-0.00275,0.01279,Other
A0A0G2K2N0,Ptpn14,-0.00124,8.6e-4,Other
A0A0G2K2P5,Tjp1,-0.02191,-0.01595,Cytoskeleton
A0A0G2K2Y9,Plxnb2,0.00106,-0.01449,Other
A0A0G2K2Z0,Eml4,-0.00626,0.00288,Cytoskeleton
A0A0G2K2Z5,Fmr1nb,0.00355,0.00427,Other
A0A0G2K302,Ap3s2,-0.0074,0.00876,Other
A0A0G2K315,Cep170,-0.02524,0.01125,Cytoskeleton
A0A0G2K351,Unc119b,0.00941,1.3e-4,Other
A0A0G2K3I6,Gapdhl2,0.01456,0.00236,Other
A0A0G2K3K5,B4galt5,0.01656,-0.01216,Other
A0A0G2K3L8,Wdfy1,0.01163,-0.01324,Other
A0A0G2K3L9,Ppfia1,-0.01965,-0.02511,Other
A0A0G2K3S4,Abca9,0.00898,-0.02746,Mitochondrion
A0A0G2K3W1,Vwa8,0.01258,-0.02012,Mitochondrion
A0A0G2K3W2,F5,0.01828,-0.00396,Other
A0A0G2K402,Myef2,-0.01059,-0.00239,Other
A0A0G2K435,Dnajc7,0.01221,-0.02131,Other
A0A0G2K437,Amfr,-0.01992,7.6e-4,Nucleus
A0A0G2K490,Tnik,-0.0182,0.01117,Other
A0A0G2K4A0,Rab11fip5,-0.01823,3.4e-4,Mitochondrion
A0A0G2K4C0,B4galt7,0.01602,0.0239,Other
A0A0G2K4R1,Ppp1r12c,0.00905,-0.02328,Cytoskeleton
A0A0G2K4Y6,Haus6,0.00969,0.00298,Cytoskeleton
A0A0G2K502,Me2,0.02027,-0.01489,Mitochondrion
A0A0G2K542,Ugp2,0.02295,0.01499,Other
A0A0G2K548,Akap9,-0.00517,-0.0112,Cytoskeleton
A0A0G2K583,Mtap,0.01102,-0.02721,Other
A0A0G2K598,Tacc2,-0.00876,0.01017,Cytoskeleton
A0A0G2K5D7,Specc1,-0.01503,-0.00272,Cytoskeleton
A0A0G2K5E4,Dnaja3,-0.00111,0.00422,Mitochondrion
A0A0G2K5L2,Slc25a22,0.01317,0.0042,Mitochondrion
A0A0G2K5L3,Riok1,-0.00159,-0.00658,Other
A0A0G2K612,Smurf1,0.02654,0.01066,Mitochondrion
A0A0G2K618,Large1,-0.01375,-0.0057,Other
A0A0G2K654,H1f2,-0.00488,0.00831,Other
A0A0G2K6D5,Pitrm1,0.0055,-0.02082,Mitochondrion
A0A0G2K6F1,Tcp11l1,0.01574,0.02344,Cytoskeleton
A0A0G2K6G7,Mcc,-0.01285,0.01093,Other
A0A0G2K6J6,Ipo8,0.02336,0.00888,Nucleus
A0A0G2K6R0,Tnrc6b,-0.00989,0.00821,Other
A0A0G2K6W6,Dis3l2,-0.00308,0.02648,Other
A0A0G2K712,Tbc1d5,8.2e-4,0.03258,Other
A0A0G2K7B6,Dysf,0.0126,-0.00652,Cytoskeleton
A0A0G2K7E7,Sec61gl2,-0.00929,-0.00239,Other
A0A0G2K7N9,Arhgap5,-0.00504,0.02948,Other
A0A0G2K7P4,Txnl4a,0.02309,-0.00971,Other
A0A0G2K7T0,Runx3,0.00702,0.00759,Nucleus
A0A0G2K7W5,Ahsa2,-0.00567,-0.00977,Other
A0A0G2K860,Arhgef12,-0.01311,-0.01499,Other
A0A0G2K899,Acyp1,9.5e-4,0.03111,Other
A0A0G2K8C1,Npnt,0.00936,5.3e-4,Other
A0A0G2K8D1,Mospd2,-0.00637,0.00897,Nucleus
A0A0G2K8F9,Pum2,-0.00801,-0.00263,Nucleus
A0A0G2K8J5,Ct47b1,-0.00866,-0.01732,Other
A0A0G2K8J8,Fam120b,-0.00829,0.01638,Other
A0A0G2K8N4,Col26a1,-0.01179,0.01583,Other
A0A0G2K8N6,Ankmy2,-0.00774,0.00631,Other
A0A0G2K8S0,Pdxdc1,-0.01601,-0.01959,Other
A0A0G2K8S8,Tigar,0.02523,-0.00419,Mitochondrion
A0A0G2K8V3,Thoc2,-8.1e-4,0.01263,Nucleus
A0A0G2K994,Vsig10,-0.00757,0.00339,Other
A0A0G2K9H9,Dnajb5,-0.00254,7.6e-4,Other
A0A0G2K9M5,Tbc1d8b,4.2e-4,-0.01934,Other
A0A0G2K9R9,Psme4,0.01208,-0.00131,Nucleus
A0A0G2K9T1,Itch,-0.01101,-0.02472,Mitochondrion
A0A0G2K9X2,Rapsn,0.01675,0.01337,Other
A0A0G2KAC0,Psat1,0.01219,-0.02292,Other
A0A0G2KAE2,Tusc3,-0.00549,0.00157,Mitochondrion
A0A0G2KAH4,Dock6,-0.0076,-0.01804,Nucleus
A0A0G2KAH7,Ext2,0.01218,-0.01337,Nucleus
A0A0G2KAI8,Drg2,0.02238,0.00621,Other
A0A0G2KAW5,Wdr48,0.02333,0.01966,Other
A0A0G2KAY0,Gas2l1,-0.00781,0.00981,Cytoskeleton
A0A0G2QC19,Dnajc21,-0.00286,0.02866,Nucleus
A0A0G2QC22,Paxx,0.0045,0.00535,Other
A0A0G2QC33,Atg4b,0.02152,-8.6e-4,Mitochondrion
A0A0G2QC45,Parn,-0.006,0.02345,Nucleus
A0A0U1RRQ3,Ubap2,9.5e-4,-0.02477,Other
A0A0U1RRU5,Tab1,0.00487,-0.00815,Nucleus
A0A0U1RRV5,Cluh,-0.00264,-0.01884,Mitochondrion
A0A0U1RS25,Upf1,-0.02263,0.00384,Nucleus
A0A140UHW6,Trmt1,-0.01959,-0.00574,Mitochondrion
A0A140UHX9,Ccz1,0.01475,-5.8e-4,Other
A0A140UHY3,Ewsr1,-0.01502,0.0308,Other
A0A1B0GWP1,Elovl1,-0.01125,-0.00416,Nucleus
A0A1B0GWT7,Lamtor2,0.02744,-0.00358,Other
A0A1B0GWX7,Atp6v0d1,-0.01257,0.01692,Cytoskeleton
A0A1W2Q626,Slc39a10,-0.0125,-0.00719,Other
A0A1W2Q6J6,Samd4b,0.00432,-0.00493,Other
A0A1W2Q6P4,Qtrt2,0.00604,0.00647,Mitochondrion
A0A8I5XVM7,Ociad2,-0.00461,0.00473,Mitochondrion
A0A8I5XVV3,Pcdh1,-0.01893,-0.00505,Other
A0A8I5XW39,Vrk1,-0.01664,-0.01584,Nucleus
A0A8I5Y0F2,Tnfaip8,-0.00904,0.00605,Other
A0A8I5Y0H0,Cul1,0.01716,0.02364,Other
A0A8I5Y0N1,Bltp3b,-0.016,-0.01419,Other
A0A8I5Y0R4,Efcab7,-5.4e-4,0.01033,Other
A0A8I5Y0Y2,Ddi2,-0.02234,8.2e-4,Other
A0A8I5Y120,Brap,7.8e-4,0.0034,Other
A0A8I5Y176,Ranbp9,-0.01776,0.01172,Cytoskeleton
A0A8I5Y1D5,Mtmr1,-0.00216,8.7e-4,Other
A0A8I5Y218;A0A8I5ZJI5,ENSRNOG00000065552;LOC134479414,-0.00371,0.0142,Other
A0A8I5Y2C3,Mrtfa,-0.00215,-0.02632,Other
A0A8I5Y4I3,Dctn6,0.00152,-0.00722,Cytoskeleton
A0A8I5Y4Y3,Tenm3,-0.00268,0.03243,Other
A0A8I5Y5L8,Sorbs3,-0.02328,0.01832,Other
A0A8I5Y5Q0,Phkb,0.00285,-0.0078,Other
A0A8I5Y5S4,Ppih,0.02153,0.01748,Nucleus
A0A8I5Y690,Neb,-0.01036,3.5e-4,Cytoskeleton
A0A8I5Y697,Ap1g1,0.01743,-0.01256,Nucleus
A0A8I5Y6B0,Porcn,0.00572,-0.0058,Nucleus
A0A8I5Y6D0,Peg3,-0.01592,-0.00643,Other
A0A8I5Y6Q8,Ankfy1,-6.6e-4,-0.02533,Other
A0A8I5Y6U5,Srp14,-0.00548,-0.01482,Other
A0A8I5Y708,Stk4,0.01227,-0.01746,Nucleus
A0A8I5Y7L4,Top2b,0.00931,0.01126,Nucleus
A0A8I5Y8C6,Nfic,0.00899,-0.02637,Nucleus
A0A8I5Y8F2,Efemp2,-0.00452,0.03112,Other
A0A8I5Y9A4;A0ABK0M5W1,Ndufb3;Ndufb3l2,-0.01503,-0.00779,Other
A0A8I5Y9U2,Cnot2,-0.01473,-0.00579,Other
A0A8I5Y9V4,Cars1,-0.00157,-1.5e-4,Other
A0A8I5YBG5,Ubr2,0.01515,0.01869,Nucleus
A0A8I5YBG7,Plpbp,0.01431,-9.1e-4,Mitochondrion
A0A8I5YBK9,Xirp1,-0.01141,0.011,Cytoskeleton
A0A8I5YBM4,Armh3,-0.00114,0.00354,Nucleus
A0A8I5YBW7,Nol9,0.01002,-0.02655,Nucleus
A0A8I5YBY2,Ttc13,0.00347,-0.02099,Other
A0A8I5YC36,Ranbp2,-0.00523,-0.01208,Nucleus
A0A8I5YC43,Zeb2,-0.00838,-0.01803,Nucleus
A0A8I5YC99,Eps15,-0.00947,-0.01072,Other
A0A8I5ZJ62,Glipr2,0.01395,-0.00859,Other
A0A8I5ZJ67,Nup205,0.01986,0.00301,Nucleus
A0A8I5ZJB6,Tbcd,0.00443,-0.00662,Cytoskeleton
A0A8I5ZKA2,Trip11,-0.01883,-0.00652,Other
A0A8I5ZKA9,Abcd4,0.01039,0.02087,Nucleus
A0A8I5ZKE8,Itgb5,-0.00368,0.01624,Other
A0A8I5ZKH1,Ythdc2,-0.0079,-0.00335,Nucleus
A0A8I5ZKI9,Bicd1,0.01785,-0.00839,Cytoskeleton
A0A8I5ZKK0,Ccpg1,0.00973,-2.4e-4,Other
A0A8I5ZKS5,Sec23b,-0.00511,-0.00906,Nucleus
A0A8I5ZL63,Ankrd13a,0.01382,-0.02143,Nucleus
A0A8I5ZLB6,Eef1akmt2,0.01511,-0.02409,Other
A0A8I5ZLE0,Rfk-ps3,-0.01771,0.01133,Other
A0A8I5ZLJ5,Exoc1,0.01131,-0.00597,Nucleus
A0A8I5ZLK2,Mgst2,0.00642,-0.00329,Nucleus
A0A8I5ZLL3,Arhgef18,-1.8e-4,0.00307,Other
A0A8I5ZLL4,Stxbp6,-0.02102,0.00215,Other
A0A8I5ZLL5,Nmt2,-0.00494,0.02191,Other
A0A8I5ZLP4,Inpp5f,-0.00164,0.01414,Other
A0A8I5ZLQ1,Nub1,0.00268,0.01954,Nucleus
A0A8I5ZLV1,Mtx2,0.0039,0.00731,Mitochondrion
A0A8I5ZM29,Tmem131,-0.00834,0.00751,Other
A0A8I5ZM56,Map7d1,-0.02203,-0.02042,Cytoskeleton
A0A8I5ZMG6,Ppp2r5e,-0.00303,-0.02848,Other
A0A8I5ZMH4,Armcx4,-0.01514,-0.00553,Other
A0A8I5ZMJ8,Aspscr1,-0.0027,0.00411,Nucleus
A0A8I5ZMM2,Cad,0.02379,0.0131,Nucleus
A0A8I5ZMN0,Mfap1al1,-0.01157,0.00529,Other
A0A8I5ZMN6,Smc4,-0.0061,-0.02644,Nucleus
A0A8I5ZMP3,ENSRNOG00000069209,0.0129,-0.00192,Other
A0A8I5ZMR4,Lsm7,-0.02249,0.01377,Nucleus
A0A8I5ZMR7,Vps13c,0.01053,0.0074,Mitochondrion
A0A8I5ZN71,Ptpn12,-0.00762,-0.00206,Cytoskeleton
A0A8I5ZN89,Gcdh,0.00665,0.02343,Mitochondrion
A0A8I5ZND3,Tcirg1,0.01644,0.01251,Other
A0A8I5ZNK2,Oxsr1,0.01645,-0.01598,Other
A0A8I5ZP70,Tom1l2,-0.02424,0.005,Other
A0A8I5ZP83,Chmp4b,-0.02795,5.1e-4,Other
A0A8I5ZPL5,Zbtb21,-0.01692,-0.01575,Other
A0A8I5ZPV1,Tbc1d22a,-0.00602,2.4e-4,Other
A0A8I5ZQ14,Afg3l1,0.01644,0.0019,Other
A0A8I5ZQC5,Hddc3,0.00524,-0.00483,Other
A0A8I5ZQD4,Dst,-0.01013,-0.0275,Cytoskeleton
A0A8I5ZQF6,Rpl10-ps14,-0.00251,-0.02692,Other
A0A8I5ZQG0,Sec14l1,0.01195,0.0091,Other
A0A8I5ZQH9,Dcaf6,-0.01516,0.01341,Other
A0A8I5ZQL5,Acad8,0.00209,-0.0189,Mitochondrion
A0A8I5ZQM5,Rsu1,0.02121,-0.01443,Other
A0A8I5ZQQ2,Smarcd3,0.00752,0.00734,Nucleus
A0A8I5ZQQ5,Smarca5,0.00443,-0.00957,Nucleus
A0A8I5ZQU7,Casp7,0.00154,-0.0122,Other
A0A8I5ZR43,Irf2bp2,-0.01956,0.00226,Other
A0A8I5ZR45,Pbx1,0.014880000000000001,0.00935,Nucleus
A0A8I5ZR84,Supt5h,-0.01515,0.01593,Nucleus
A0A8I5ZRB2,Atxn2,-0.0253,0.00312,Nucleus
A0A8I5ZRH3,Aldh1l2,0.00216,0.01749,Mitochondrion
A0A8I5ZRL0,Reck,0.00413,-0.00208,Other
A0A8I5ZRQ2,Shroom1,-0.01686,-0.01296,Cytoskeleton
A0A8I5ZRW0,Snrpg,0.00521,0.01049,Nucleus
A0A8I5ZSB2,Ddhd1,0.00778,-0.00521,Other
A0A8I5ZSJ6,Arih1,0.0215,0.01663,Nucleus
A0A8I5ZSJ9,Afap1l2,-0.0103,0.01834,Other
A0A8I5ZSK4,Mia2,-0.01718,0.01176,Nucleus
A0A8I5ZSL2,Isca2,-0.02157,-0.01543,Mitochondrion
A0A8I5ZSV2,Commd4,0.0125,0.00162,Other
A0A8I5ZSY9,Synpo2l,-0.00239,0.00833,Cytoskeleton
A0A8I5ZT10,Ccm2,0.01102,-0.00633,Mitochondrion
A0A8I5ZT11,Xpot,0.01252,0.00864,Nucleus
A0A8I5ZT12,Gapvd1,0.01004,0.00172,Other
A0A8I5ZT32,Guk1,-0.00173,-0.02916,Mitochondrion
A0A8I5ZT87,Mycbp,-0.01393,-0.01655,Mitochondrion
A0A8I5ZTA3,Sec16a,-0.02119,0.0134,Nucleus
A0A8I5ZTF5,Ttc28,-0.01832,0.00434,Cytoskeleton
A0A8I5ZTN5,Adsl,0.02319,7e-5,Other
A0A8I5ZTQ0,Mydgf,-0.00233,0.02267,Other
A0A8I5ZTW6,Gopc,-0.01428,-0.01898,Other
A0A8I5ZUD6,Cmtm3,-0.01317,0.01826,Nucleus
A0A8I5ZUD8,Slc30a9,0.00432,-0.01944,Mitochondrion
A0A8I5ZUE2,Arhgef40,0.00273,-0.02351,Other
A0A8I5ZUK2,Ubap2l,-0.02527,-0.00365,Nucleus
A0A8I5ZUN1,Blvrb,0.02266,0.01026,Other
A0A8I5ZUT2,Irgq,-0.0248,-0.00843,Other
A0A8I5ZUW5,Pcm1,-0.00879,-0.0115,Cytoskeleton
A0A8I5ZUX3,Srp72,-0.0203,-0.0055,Other
A0A8I5ZV13,Mettl13,0.01769,0.02076,Mitochondrion
A0A8I5ZV26,Stom,0.0095,-0.02012,Mitochondrion
A0A8I5ZV49,Flna,-0.02832,0.00141,Cytoskeleton
A0A8I5ZV82,Mlkl,0.00277,0.00398,Other
A0A8I5ZVC4,Itih2,-0.01219,0.01752,Other
A0A8I5ZVG2,Ctnnd1,0.00463,-0.02044,Other
A0A8I5ZVG9,Ap1s2,-0.00624,0.01241,Other
A0A8I5ZVI5,Antxr2,0.01137,-0.01021,Nucleus
A0A8I5ZVI9,Ranbp3,-0.00295,-0.01173,Nucleus
A0A8I5ZVL6,Ncaph,0.00212,-0.0308,Nucleus
A0A8I5ZVM8,Zcchc24,-0.00277,0.02272,Other
A0A8I5ZVU4,Pdpr,0.01803,-0.01405,Mitochondrion
A0A8I5ZVX9,Dnajc9,-0.01104,-0.01149,Other
A0A8I5ZVY5,Prpf40a,0.01209,0.00807,Nucleus
A0A8I5ZVY6,Rint1,0.01259,-0.0184,Nucleus
A0A8I5ZW03,Leng9,-0.00672,-0.0126,Other
A0A8I5ZW24,Ccdc88a,-0.00494,-0.03509,Cytoskeleton
A0A8I5ZWB2,Ints13,0.02018,0.00264,Nucleus
A0A8I5ZWC2,Myo6,-0.01591,-0.00601,Cytoskeleton
A0A8I5ZWC6,Kpna3,0.01675,0.01151,Nucleus
A0A8I5ZWI2,Atp6v1h,-0.00297,0.00399,Other
A0A8I5ZWS3,Ubl7,0.01617,0.0287,Other
A0A8I5ZWS4,Hook3,-0.01933,-0.02393,Cytoskeleton
A0A8I5ZWY4,Ado,-0.00281,0.01477,Mitochondrion
A0A8I5ZX74,Bcap31,-0.02067,0.00803,Mitochondrion
A0A8I5ZX76,Eif3k,0.02518,0.00735,Other
A0A8I5ZXE0,Dido1,0.00426,-4.1e-4,Cytoskeleton
A0A8I5ZXL0,Tra2a,0.01693,0.0195,Nucleus
A0A8I5ZXP5,U2surp,0.00849,-0.01592,Nucleus
A0A8I5ZXU0,Mtrex,-0.00821,0.01456,Nucleus
A0A8I5ZXX2,Kdm3b,-0.00811,0.00353,Nucleus
A0A8I5ZY32,Ehbp1l1,-0.02104,-0.02187,Other
A0A8I5ZY35,Cct6a,-7.3e-4,0.02058,Cytoskeleton
A0A8I5ZYG1,Osbpl5,-0.00325,-0.02114,Nucleus
A0A8I5ZYH1,Pcbp4,0.01138,-0.00466,Other
A0A8I5ZYJ9,Sec63,0.0015,-0.01749,Nucleus
A0A8I5ZYK4,Ift27,-0.00455,0.00223,Cytoskeleton
A0A8I5ZYT7,ENSRNOG00000065543,0.00511,-0.008,Other
A0A8I5ZYV7,Mrpl21,-0.01536,-0.0101,Mitochondrion
A0A8I5ZYW3,Lsp1,-0.00816,0.00942,Cytoskeleton
A0A8I5ZYZ8,Ube2m,0.0116,0.02875,Nucleus
A0A8I5ZZ84,Sgsh,-4.5e-4,-0.00151,Other
A0A8I5ZZ93,Ptrh2,-0.01014,-0.0136,Mitochondrion
A0A8I5ZZG2,Reep3,-0.01535,0.00161,Cytoskeleton
A0A8I5ZZM0,Hectd4,0.00709,-0.00421,Other
A0A8I5ZZM2,Atf7,-0.0049,0.03201,Nucleus
A0A8I6A0C3,Ppp2r5c,0.00885,3.7e-4,Nucleus
A0A8I6A0I3,Eif4ebp2,-0.01877,-0.00107,Other
A0A8I6A0T3,Sik3,-0.00436,0.00866,Other
A0A8I6A0T8,Serpinb9,0.02455,0.01731,Other
A0A8I6A0W6,Ube2o,-0.0125,0.02291,Nucleus
A0A8I6A123,Ecpas,-0.00398,0.00854,Cytoskeleton
A0A8I6A140,Klhl13,0.01151,0.01042,Other
A0A8I6A147,Plin3,-0.02739,-0.00505,Other
A0A8I6A183,Ccar1,-0.01713,-0.01854,Nucleus
A0A8I6A1C4,Shprh,0.01131,0.00937,Nucleus
A0A8I6A1C9,Fhl3,-0.00945,0.00352,Cytoskeleton
A0A8I6A1D9,Use1,0.00478,0.00718,Nucleus
A0A8I6A1F6,Nhsl2,-0.01686,0.00383,Other
A0A8I6A1K0,Slc4a1ap,-0.00821,0.00399,Other
A0A8I6A1U8,Sucla2,0.01606,0.00867,Mitochondrion
A0A8I6A1V7,Plekha7,-3e-4,0.0085,Cytoskeleton
A0A8I6A1Z5,Tmx1,0.01531,0.01473,Mitochondrion
A0A8I6A254,Mrpl15,0.00501,0.0071,Mitochondrion
A0A8I6A272,Raph1,-0.02169,-0.01019,Cytoskeleton
A0A8I6A2A6,Afg2a,-0.01164,-0.00246,Other
A0A8I6A2B1,Carmil1,-0.01578,-0.00227,Cytoskeleton
A0A8I6A2I6,Frrs1,-0.00424,0.01449,Other
A0A8I6A2K9,Hscb,3e-4,0.00181,Mitochondrion
A0A8I6A2N3,Mycbp2,-0.01066,0.02421,Cytoskeleton
A0A8I6A2P1,Srsf3,-0.01732,0.01589,Nucleus
A0A8I6A2Y2,Srrm2,-0.01675,-0.00193,Nucleus
A0A8I6A2Z6,Thumpd3,-0.02284,0.01262,Nucleus
A0A8I6A305,Dpp8,-0.00703,0.01093,Other
A0A8I6A320;G3V7P6,Nudt16;Nudt16l1,-0.00332,0.00441,Other
A0A8I6A343,Tmt1a,0.02093,0.0027,Other
A0A8I6A356,Ube2k,0.02313,-0.00789,Cytoskeleton
A0A8I6A378,Eif4g3,0.02417,2.4e-4,Other
A0A8I6A3C7,Snx9,0.02322,-0.0046,Cytoskeleton
A0A8I6A3T5,Mrpl58,-0.00287,-0.01076,Mitochondrion
A0A8I6A3U5,Dnajb2,-0.02132,0.00364,Nucleus
A0A8I6A3Z5,Uba2,0.00509,0.00474,Nucleus
A0A8I6A420,Bcas3,-0.01733,-0.00316,Cytoskeleton
A0A8I6A4A2,Vps13a,0.01724,-0.00982,Mitochondrion
A0A8I6A4C2,Nxn,0.01967,-0.00313,Other
A0A8I6A4G8,Eef1e1,0.01065,0.02279,Other
A0A8I6A4I4,Nudcd3,-0.0178,-0.01976,Cytoskeleton
A0A8I6A4L6,Tbc1d15,0.01724,-0.02275,Mitochondrion
A0A8I6A4Q0,Dtd1,0.00785,-0.0187,Mitochondrion
A0A8I6A4W2,Ktn1,-0.00274,0.0017,Nucleus
A0A8I6A4W3,Tsr2,-0.00343,-0.02744,Other
A0A8I6A502,Tns3,0.01187,-0.00445,Cytoskeleton
A0A8I6A565,Fam185a,0.00904,-0.01439,Mitochondrion
A0A8I6A571,Usp47,-0.01324,-0.02072,Other
A0A8I6A596,Mad1l1,5.6e-4,-0.01944,Cytoskeleton
A0A8I6A5F2,Sun1,-0.00241,-1.2e-4,Cytoskeleton
A0A8I6A5G9,Gm2a,-0.02567,-0.00447,Other
A0A8I6A5N3,Fkbp7,-0.02074,2.3e-4,Other
A0A8I6A5Z1,Dctn5,0.02567,-0.0075,Cytoskeleton
A0A8I6A606,Sufu,-4.3e-4,-0.02157,Other
A0A8I6A632,Tapt1,-0.00526,0.00201,Cytoskeleton
A0A8I6A656,Tns1,-0.00265,-0.02591,Other
A0A8I6A6K6,Ppp2r5d,0.02013,0.02001,Other
A0A8I6A6W3,Lims1,-0.0051,0.02463,Nucleus
A0A8I6A795,Srsf10,-0.01456,0.00793,Nucleus
A0A8I6A7A4,Ddx3y,0.01361,0.00285,Other
A0A8I6A7G2,Larp4,-0.01426,-0.00581,Other
A0A8I6A7G6,Dnajc19,0.00547,-0.01676,Other
A0A8I6A7G7,Itga5,-0.02239,-0.00113,Other
A0A8I6A7K7,Wdfy3,0.00134,-0.01271,Nucleus
A0A8I6A7U0,Fkbp15,-0.01491,-0.0082,Cytoskeleton
A0A8I6A7V5,Cdk14,0.00747,-0.00664,Other
A0A8I6A869,Dnah9,0.01241,0.00573,Cytoskeleton
A0A8I6A8L3,Dnpep,0.01788,-0.01892,Other
A0A8I6A974,Ston1,-0.01475,-0.00228,Other
A0A8I6A9B2,Naa10,0.01632,-0.01906,Other
A0A8I6A9F2,Sypl1,-8.6e-4,0.00292,Other
A0A8I6A9I8,Apbb2,-0.00522,-0.00201,Other
A0A8I6A9M0,Eif4enif1,-0.01897,-0.00839,Nucleus
A0A8I6A9P7,Mrpl39,0.0123,0.00671,Mitochondrion
A0A8I6A9R8,Cope,0.01958,0.00584,Nucleus
A0A8I6A9S4,Ube2j1,0.00957,0.01301,Nucleus
A0A8I6AA24,Col8a1,0.02243,0.00944,Other
A0A8I6AA94,Ano6,0.01756,-0.00211,Other
A0A8I6AAD5,Psmd12,0.02242,0.00963,Other
A0A8I6AAD8,Snx4,0.02634,0.0087,Cytoskeleton
A0A8I6AAE1,Ahnak2,-0.01661,-0.02671,Other
A0A8I6AAN3,Aldh18a1,0.02147,0.01787,Mitochondrion
A0A8I6AAP2,ENSRNOG00000063112,0.0138,0.02444,Other
A0A8I6AAR9,Ankrd17,-0.00742,-0.0129,Nucleus
A0A8I6AAT0,Ksr1,-0.00907,-0.0168,Nucleus
A0A8I6AAW1,Tars3,-0.01509,-0.00336,Other
A0A8I6AAZ0,Ruvbl2,0.01508,-0.00532,Nucleus
A0A8I6AB31,Cdc23,0.00994,-0.00509,Nucleus
A0A8I6ABA8,Rabgef1,-0.00723,1.1e-4,Other
A0A8I6ABG6,Tln1,0.00236,-0.00815,Cytoskeleton
A0A8I6ABJ9,Ythdf2,0.02306,0.01086,Other
A0A8I6ABU3,Rasal2,0.02074,0.00922,Other
A0A8I6ABZ7,Dhx9,0.01187,0.00685,Cytoskeleton
A0A8I6AC51,ENSRNOG00000068549,0.01455,0.02035,Other
A0A8I6ACB1,Wdr11,0.01358,-0.00512,Cytoskeleton
A0A8I6ACC2,Ythdf3,-0.01585,-0.01872,Other
A0A8I6ACD7,Hmgb3l1,0.00828,0.0264,Other
A0A8I6ACL2,Dock7,0.00104,0.01541,Nucleus
A0A8I6ACU1,Ifi35,-0.01603,-0.00974,Nucleus
A0A8I6AD55,Chchd3,-0.02136,0.01651,Mitochondrion
A0A8I6ADE8,Sync,-0.01676,0.0134,Cytoskeleton
A0A8I6ADQ7,ENSRNOG00000063280,-0.00418,0.02067,Other
A0A8I6ADW9,Prkcsh,-0.02503,0.01469,Other
A0A8I6AE43,Erbin,-0.01577,-0.01627,Nucleus
A0A8I6AE50,Anln,-0.01404,0.00804,Cytoskeleton
A0A8I6AE57,Urgcp,-0.00624,0.0091,Other
A0A8I6AEP5,Paox,0.00642,-0.01912,Other
A0A8I6AEV8,Bola2l2,-0.02442,-0.01567,Other
A0A8I6AEW5,Rcc1,0.00243,0.00899,Nucleus
A0A8I6AEY5,Lrsam1,0.01271,-0.01435,Other
A0A8I6AEZ7,Crlf3,-0.01752,0.01355,Other
A0A8I6AFG7,Rbpj,-0.00388,0.00808,Nucleus
A0A8I6AFJ7,Dnajc13,0.02107,-0.00749,Other
A0A8I6AFM0,Myh13,-0.00956,0.01201,Cytoskeleton
A0A8I6AFP0,Washc5,0.02362,-0.00282,Other
A0A8I6AFV4,Cog1,-0.01544,-0.00906,Other
A0A8I6AFZ5,Srsf7,-0.02247,-0.00163,Nucleus
A0A8I6AG33,Tnpo1,0.01736,0.01195,Nucleus
A0A8I6AG52,Rps20l3,-0.00442,-0.02626,Other
A0A8I6AG94,Mrpl49,0.01815,-0.02074,Mitochondrion
A0A8I6AGF4,Nudcd1,0.01733,-0.02278,Other
A0A8I6AGJ8,Fkbp3,-0.02348,0.00423,Other
A0A8I6AGJ9;F1M629,Gemin7;Gemin7l1,0.00546,0.02268,Other
A0A8I6AGQ6,Adam12,0.00835,-0.02477,Other
A0A8I6AGS7,Emilin1,-0.00514,0.00727,Other
A0A8I6AGX2,Rtf1,-0.00455,-0.01292,Nucleus
A0A8I6AH70,Smtn,-0.02226,0.00646,Cytoskeleton
A0A8I6AH91,Pcbp1,0.02275,-0.00364,Nucleus
A0A8I6AHB0,Nt5c3a,0.02209,-7e-4,Mitochondrion
A0A8I6AHD0,Bri3bp,0.01268,0.03093,Mitochondrion
A0A8I6AHG9,Tacc1,-0.01442,0.02123,Cytoskeleton
A0A8I6AHK0,Postn,-0.0059,-0.00141,Other
A0A8I6AHP3,Tatdn1,0.00872,0.01076,Mitochondrion
A0A8I6AHY5,Eppk1,0.0054,0.02072,Cytoskeleton
A0A8I6AI23,Ppa1,0.02259,-0.00807,Mitochondrion
A0A8I6AI89,Vps35,0.02779,0.00909,Mitochondrion
A0A8I6AI94,Dcun1d1,0.00182,0.01998,Other
A0A8I6AIE0,Slain2,-0.01742,-0.02508,Cytoskeleton
A0A8I6AIH6,Suclg2,0.02313,-0.00807,Mitochondrion
A0A8I6AII2,ENSRNOG00000070921,-0.01924,0.01761,Other
A0A8I6AIN6,Eea1,-0.02672,-0.01127,Other
A0A8I6AIP8,Frg1-ps1,0.00154,-0.006,Other
A0A8I6AIS2,Tank,-0.01051,0.01575,Nucleus
A0A8I6AIT8,Msto1,0.00526,-0.02455,Mitochondrion
A0A8I6AIZ7,Deptor,-0.00396,0.00896,Other
A0A8I6AJ01,Gpat4,-0.0137,-0.00888,Nucleus
A0A8I6AJ04,Pithd1,0.00738,-0.00711,Other
A0A8I6AJ35,Plin2,0.00909,-0.02429,Other
A0A8I6AJA6;A0ABK0LKR9,Rnf11;Rnf11l2,-0.01227,-0.01657,Other
A0A8I6AJK7,Iqgap1,0.01243,0.00972,Cytoskeleton
A0A8I6AJU4,ENSRNOG00000066539,-0.00238,0.03353,Other
A0A8I6AK43,Ppa2,0.01761,-0.02251,Mitochondrion
A0A8I6AK45,Mtch2,0.01577,0.02948,Mitochondrion
A0A8I6AK86,Strn4,-0.01082,-0.01625,Other
A0A8I6AK96,Polr1d,-0.01231,-0.00242,Other
A0A8I6AKA1,Dennd2b,-0.00758,0.01523,Other
A0A8I6AKB0,Asmtl,-0.00244,0.00802,Other
A0A8I6AKF3,Gnpnat1,-0.01237,-0.01752,Other
A0A8I6AKR4,Ap3s1,-0.02306,-0.01189,Other
A0A8I6AKV2,Tp53bp1,-0.0151,0.00503,Nucleus
A0A8I6AKY3,Edem3,0.01453,-0.02557,Other
A0A8I6AKZ1,Kctd17,-0.0155,-3.7e-4,Other
A0A8I6AKZ9,Actr1b,-0.00112,0.01659,Cytoskeleton
A0A8I6AL43,Ate1,-0.02122,0.00136,Other
A0A8I6AL75,C2h1orf52,0.00177,0.01201,Other
A0A8I6AL84,Kank1,0.00627,-0.00715,Other
A0A8I6AL89,Arpc3,7.4e-4,-0.01208,Cytoskeleton
A0A8I6ALB1,Ckap5,-0.01796,-0.01614,Cytoskeleton
A0A8I6ALB6,Tbc1d2b,-0.00796,-0.02282,Other
A0A8I6ALH8,Tbck,0.0064,-0.01362,Cytoskeleton
A0A8I6ALM7,Uevld,-0.00608,0.02181,Other
A0A8I6ALM9,Ptk7,-0.0174,-0.01642,Other
A0A8I6AM26,Srrt,0.00724,0.0073,Nucleus
A0A8I6AM63,Sytl2,0.0043,7.6e-4,Other
A0A8I6AM66,Cdh15,-0.02768,-0.00333,Other
A0A8I6AMA8,Smarcc1,0.00298,4.6e-4,Nucleus
A0A8I6AMD2,Itsn2,-5.2e-4,-0.02188,Cytoskeleton
A0A8I6AMK1,Kdsr,0.01586,-0.00131,Nucleus
A0A8I6AMN9,Eya3,-0.01393,-0.00505,Other
A0A8I6AMQ5,Mcee,-0.0109,-0.01561,Mitochondrion
A0A8I6AN59,Plekhb2,0.00823,-0.01242,Other
A0A8I6ANQ3,Igsf8,-0.0087,-0.02359,Other
A0A8I6ANT7,Ttc33,-0.01687,6.2e-4,Other
A0A8I6ANV1,Dazap1,-0.00563,-0.01904,Nucleus
A0A8I6ANX6,Dmpk,0.00106,-0.0254,Mitochondrion
A0A8I6ANY1,Ascc2,0.00526,0.00725,Nucleus
A0A8I6AP00,Pcbp2,0.01861,-0.01884,Other
A0A8I6AP41,Nbea,0.00756,0.01008,Other
A0A8I6AP42,Ppia-ps13,0.0041,-0.01634,Other
A0A8I6AP89,Kif3a,-0.01591,0.00362,Cytoskeleton
A0A8I6APG6,ENSRNOG00000062438,0.0182,0.00722,Other
A0A8I6APG8,LOC120094308,0.0047,0.01341,Other
A0A8I6APJ0,Lsm4,-0.00191,-8.4e-4,Nucleus
A0A8I6AQ35,Vps41,0.00964,0.0061,Cytoskeleton
A0A8I6AQ75,Chmp6,0.01546,-0.00858,Cytoskeleton
A0A8I6AQ81,Tns2,-0.00913,0.01775,Other
A0A8I6AQA1,Arap1,-0.00632,0.00255,Cytoskeleton
A0A8I6AQC0,Cpsf3,0.01561,0.00422,Nucleus
A0A8I6AQH6,Tia1,-8.5e-4,-0.01526,Nucleus
A0A8I6AQL3,Fat1,-0.00159,-0.00196,Nucleus
A0A8I6AQL7,Nek9,-0.01327,0.0107,Cytoskeleton
A0A8I6AQR3,Tmem263,-0.02803,-0.00242,Other
A0A8I6AQY6,Phactr4,-0.02032,0.01084,Other
A0A8I6AR03,Frmd4a,-0.00215,-0.02638,Other
A0A8I6AR12,Cct7,0.02488,0.01149,Cytoskeleton
A0A8I6AR28,Traf5,-0.00378,-0.02342,Cytoskeleton
A0A8I6ARH7,Nemf,-0.01513,0.01077,Other
A0A8I6ARN0,Gpx7,-0.02715,0.00804,Other
A0A8I6ARP7,Relch,0.01213,-0.01073,Other
A0A8I6ART4,Fmnl3,0.00553,-0.02111,Other
A0A8I6ARV9,Ctsa,0.02135,0.02207,Other
A0A8I6AS02,Pacsin3,0.02205,-0.00123,Other
A0A8I6AS17,Bsdc1,0.00201,0.02024,Other
A0A8I6AS21,Ppp4r3a,0.0135,-0.01796,Cytoskeleton
A0A8I6AS56,Abhd11,0.01481,-0.01217,Mitochondrion
A0A8I6AS60,Eya4,-0.01549,0.01413,Other
A0A8I6ASF5,Rpl4-ps1,-0.0195,-0.0232,Other
A0A8I6ASH2,Hspg2,-0.00698,0.00934,Other
A0A8I6ASK1,P4ha2,-0.00144,-0.00575,Other
A0A8I6ASZ5,Tcf25,0,-0.02515,Other
A0A8I6ATF2,Ppfibp1,-0.00468,0.00805,Other
A0A8I6ATS8,Tor1aip2l1,-0.02172,-0.00509,Other
A0A8I6ATX5,Stard7,0.00627,0.00341,Mitochondrion
A0A8I6AU51,Zc2hc1a,-0.0173,0.00694,Other
A0A8I6AUQ7,Zpr1,-0.02288,-0.00835,Nucleus
A0A8I6AV53,Mrpl18,0.01595,-0.01342,Mitochondrion
A0A8I6AVM0,Tmem65,0.02444,-0.01382,Mitochondrion
A0A8I6AVP7,Odr4,-0.01581,0.0074400000000000004,Other
A0A8I6AVU1,Bnip2,-0.00516,0.00999,Cytoskeleton
A0A8I6AW46,Qrich1,-0.01198,-0.0047,Other
A0A8I6AWZ3,Agap1,-0.00642,0.03079,Other
A0A8I6AXU9,Fndc3a,-0.01368,0.01642,Other
A0A8I6B1J2,Mbnl1,-0.0192,0.02295,Other
A0A8I6B288,Nab2,0.00272,0.00481,Other
A0A8I6B2B6,Gsdmd,0.02626,0.00246,Mitochondrion
A0A8I6B3N0,Spag9,-0.02328,-0.01224,Cytoskeleton
A0A8I6B3N3,Atp6v1g1,-0.01607,0.0111,Other
A0A8I6B4Q5,Vps53,0.01558,-0.01485,Nucleus
A0A8I6B4V4,Smpd4,0.0168,0.00998,Nucleus
A0A8I6B5Y3,Nelfcd,-0.00153,0.0138,Nucleus
A0A8I6G1H3,Irak4,0.00594,0.02587,Other
A0A8I6G1R8,Pcdhgc5,-0.00106,-0.02078,Other
A0A8I6G2B2,Srp68,0.0021,0.02767,Nucleus
A0A8I6G2K8,Kdm1a,-0.00474,-0.02613,Nucleus
A0A8I6G3N4,Rab2b,0.01459,0.00157,Nucleus
A0A8I6G3Q5,Uprt,-0.01011,-0.00615,Other
A0A8I6G3R2,Cbl,-0.01233,-0.01027,Nucleus
A0A8I6G485,Aven,-0.00173,-0.01692,Other
A0A8I6G4I5,Grsf1,-0.02077,-0.00374,Mitochondrion
A0A8I6G4Y3,Ddx5,-0.01412,1.4e-4,Nucleus
A0A8I6G599,Kiaa0825,0.01787,-0.005,Other
A0A8I6G5I8,Slc35a2,0.0034,0.00899,Nucleus
A0A8I6G5W4,Snrnp70,-0.0088,-0.01032,Nucleus
A0A8I6G604,Lman2l,0.01262,3.5e-4,Nucleus
A0A8I6G695,Nipsnap3b,-0.00294,0.0163,Mitochondrion
A0A8I6G699,Fermt2,0.01068,0.01576,Cytoskeleton
A0A8I6G6F3,Nfkb2,-0.00797,0.00586,Nucleus
A0A8I6G6K9,Elmo2,0.00247,0.00487,Other
A0A8I6G705,Rbpms,-0.02107,0.00946,Other
A0A8I6G746,Zc3h4,-0.00903,-0.00433,Other
A0A8I6G751,Papola,0.00611,-0.00419,Other
A0A8I6G7Z0,Adgra2,-0.01378,-0.02042,Cytoskeleton
A0A8I6G8D1,Trim56,-0.02287,0.00315,Other
A0A8I6G8E6,Gpatch8,-0.00977,-0.00747,Other
A0A8I6GA89,Uckl1,-0.00172,-0.01029,Other
A0A8I6GA90,Hip1,0.00244,-0.03284,Cytoskeleton
A0A8I6GAU4,Smchd1,-0.00445,0.01049,Nucleus
A0A8I6GAW9,Ube4b,-0.009,0.00208,Other
A0A8I6GAX8,Agfg2,0.01105,-0.02182,Other
A0A8I6GAY3,Gng12,0.01083,0.01409,Other
A0A8I6GBD2,Actr10,0.02067,0.0219,Cytoskeleton
A0A8I6GBE0,Dpp9,0.01611,0.02964,Cytoskeleton
A0A8I6GBT2;A0A8I5ZVP7,AABR07006081.1;Tvp23b,-0.01752,0.00711,Other
A0A8I6GCX1,Ndufb6,-0.01566,-4.2e-4,Mitochondrion
A0A8I6GDA0,Nrbp1,-0.01349,0.00727,Other
A0A8I6GDP5,Tjap1,-0.01548,-0.00668,Other
A0A8I6GDZ5,Mettl2,0.01255,7.7e-4,Other
A0A8I6GEB4,Rpe,-0.02433,0.00406,Other
A0A8I6GEM4,Fech,0.00357,0.00136,Mitochondrion
A0A8I6GES6,Copz1,-0.00334,0.00844,Nucleus
A0A8I6GEX2,R3hdm1,-0.00397,-0.00123,Other
A0A8I6GF24,Ark2n,-0.0074,-0.01312,Other
A0A8I6GFD8,Sfpq,-0.01702,0.0112,Nucleus
A0A8I6GFU3,Svil,-0.00602,0.00334,Cytoskeleton
A0A8I6GG20,Msi2,0.01142,-0.00181,Other
A0A8I6GH40,Eif2a,-0.02153,-0.00645,Other
A0A8I6GH74,Arb2a,0.00318,-0.00488,Other
A0A8I6GHH3,Sh3bgrl,-0.00637,0.02556,Other
A0A8I6GHU8,Aamdc,-0.00275,0.01703,Other
A0A8I6GHX2,Cox7a2l,-0.01529,-0.01219,Mitochondrion
A0A8I6GI14,Tmem108,-0.01467,0.00575,Other
A0A8I6GI80,Meis1,0.00122,0.00156,Nucleus
A0A8I6GID3,Mthfd2,0.01935,0.01473,Mitochondrion
A0A8I6GIH3,Pigt,-0.00291,0.00361,Nucleus
A0A8I6GIL4,Tmem87a,0.00989,0.0054,Other
A0A8I6GIM3,Ntpcr,0.00661,-0.00339,Mitochondrion
A0A8I6GIV1,Kgd4,-0.016,-3.3e-4,Other
A0A8I6GJ11,Acss2,0.0101,0.019,Mitochondrion
A0A8I6GJ92,Eprs1,-0.01996,-0.0039,Other
A0A8I6GJC3,Larp1,-0.01943,0.01135,Other
A0A8I6GJW6,Bcl9l,-0.00512,-6.2e-4,Nucleus
A0A8I6GK29,Lims2,-0.01774,0.00102,Other
A0A8I6GK52,Smg1,0.0089,-0.01561,Other
A0A8I6GK62,Lemd3,-0.02307,-0.00191,Nucleus
A0A8I6GK69,Prpf3,0.0115,-0.00314,Nucleus
A0A8I6GKQ3,Stk38,-0.00756,-0.0131,Other
A0A8I6GKR8;D3ZHB3,Rps12l1;Rps12l12,-0.00562,-0.02886,Other
A0A8I6GKX8,Iqsec2,0.00654,-0.01206,Other
A0A8I6GKY7,Rbms3,-0.00904,0.02105,Other
A0A8I6GL24,Aida,0.01175,-0.01246,Other
A0A8I6GL58,Lrrc40,-0.00335,-0.00505,Other
A0A8I6GLB8,Chmp1a,-0.01691,0.01525,Cytoskeleton
A0A8I6GLF1,Asap2,-0.01176,0.00401,Other
A0A8I6GLM3,Ncoa1,0.00496,-0.02289,Nucleus
A0A8I6GLN9,Erh,-0.0044,0.02784,Nucleus
A0A8I6GLU8,Tardbp,0.01024,-5.8e-4,Mitochondrion
A0A8I6GLY6,Gga1,-0.01595,-0.01211,Other
A0A8I6GM04,Daam1,-0.0044,-0.01796,Cytoskeleton
A0A8I6GM11,Lsm12,0.00451,-0.01506,Other
A0A8I6GM20,Serf2,0.00523,0.00399,Other
A0A8I6GM61,Srpk2,0.00671,0.00124,Nucleus
A0A8I6GM63,Cnep1r1,-0.0042,0.01629,Nucleus
A0A8I6GM68,Hdac6,-0.02406,0.00783,Cytoskeleton
A0A8I6GM73,Osbpl3,-0.01175,0.0047,Cytoskeleton
A0A8I6GM86,Tnfrsf22,-4e-4,-0.00471,Other
A0A8I6GMB9,Phf24,4.6e-4,-0.01081,Other
A0A8I6GMP8,Enah,-0.02764,0.01014,Cytoskeleton
A0A8I6GMR5,Rbm25,-0.0049,-0.0022,Nucleus
A0A8J8XBZ3,Parp3,-0.01147,0.00392,Cytoskeleton
A0A8J8XD91,Timm17b,-0.01383,-0.00412,Mitochondrion
A0A8J8XFB5,Garre1,-0.01136,0.00275,Other
A0A8J8XIU8,Rbm39,-0.01003,-0.0301,Nucleus
A0A8J8XJY2,St6galnac4,0.003,-0.02147,Other
A0A8J8XLZ3,Luc7l2,0.01094,0.01426,Nucleus
A0A8J8XM71,Smap2,-0.00594,-0.01998,Other
A0A8J8XR33,Cstf2,-0.02179,-0.01194,Nucleus
A0A8J8XR86,Nelfe,-0.0051,-0.01708,Nucleus
A0A8J8XRQ3,Gna14,0.00277,0.0135,Other
A0A8J8XSR6,Lysmd2,-0.01221,-0.00253,Other
A0A8J8Y1B9,Snta1,-0.00707,0.01925,Other
A0A8J8Y4N8,Ube2r2,-0.00313,0.00535,Other
A0A8J8Y678,Ube2g2,-0.00784,-0.00582,Other
A0A8J8YFF8,Tmsb15b2,0.00409,-0.00461,Other
A0A8J8YFS5,Hars1,0.01459,-0.01032,Other
A0A8J8YGA4,Lpin3,-0.01204,0.00989,Nucleus
A0A8J8YH81,Smarcb1,-0.00354,-0.01703,Nucleus
A0A8J8YNL9,Tsn,0.0247,-0.01208,Other
A0A8J8YNR6,Fxr2,-0.02314,8.5e-4,Other
A0A8L2Q1U4,Wipi1,0.00885,0.00841,Other
A0AA76ENW5,P3h3,0.01356,-0.00514,Other
A0ABK0KVJ4,Skic2,0.00384,0.02114,Other
A0ABK0KVZ2,Eif1,-0.02595,-8.1e-4,Other
A0ABK0KWT6,Pin1,-0.02028,-0.02026,Cytoskeleton
A0ABK0KWV8,Trappc5,0.00862,0.01204,Other
A0ABK0KXQ8,Magea13,-0.00295,-0.01577,Other
A0ABK0KYT3,Vamp4,-0.01375,0.00106,Other
A0ABK0KZQ7,Cox20,0.00857,-0.00102,Mitochondrion
A0ABK0KZY2,Tfg,-0.00489,-0.00843,Other
A0ABK0L068,Ube3a,-0.01018,0.01993,Other
A0ABK0L107,Cse1l,0.01674,-0.00832,Nucleus
A0ABK0L179;Q5RJK5,Cbx3;LOC134478973,-0.0187,0.01644,Other
A0ABK0L1D0,Rpl7,0.01069,0.02505,Nucleus
A0ABK0L1E9,Dennd4c,-0.01306,0.00876,Other
A0ABK0L1L0,Nedd1,-0.00804,0.01512,Cytoskeleton
A0ABK0L1P4,Snrpd3,0.0283,0.00216,Nucleus
A0ABK0L1R3,Mocs3,0.01076,-0.01728,Other
A0ABK0L269,Map2k4,0.0032,-0.01126,Other
A0ABK0L3P4,Upf2,-0.00939,-0.02509,Nucleus
A0ABK0L3Q7,Dtymk,-0.01389,0.00575,Mitochondrion
A0ABK0L400,Golga4,-0.02441,-0.00486,Other
A0ABK0L402,Cox17,-0.01992,0.00954,Mitochondrion
A0ABK0L449,G3bp2,-0.01647,-0.02574,Other
A0ABK0L4J7,Rbm27,-0.01806,-0.00736,Nucleus
A0ABK0L4L7,Ric1,0.00135,-0.02422,Other
A0ABK0L4Q0,Chmp1b,0.01759,-2e-5,Other
A0ABK0L4V7,Cops9,-0.02041,8.5e-4,Nucleus
A0ABK0L564,Churc1,0.01111,-0.00275,Other
A0ABK0L579,Mrps2,-0.01546,-0.00859,Mitochondrion
A0ABK0L580,Sgcb,0.01161,-0.02586,Nucleus
A0ABK0L5F0,Abi2,0.00767,0.01675,Cytoskeleton
A0ABK0L5F9,Kif16b,-0.00332,0.01108,Cytoskeleton
A0ABK0L5G5,Mmab,-0.00126,-0.02169,Mitochondrion
A0ABK0L5P4,Cog5,0.00753,0.02011,Other
A0ABK0L608,Ppie,-0.01888,-8.4e-4,Nucleus
A0ABK0L617,Thada,0.00258,0.00161,Nucleus
A0ABK0L627,Plxna1,0.00397,-0.00169,Other
A0ABK0L6C9,Bloc1s3,-0.007,-0.02277,Other
A0ABK0L6G0,LOC120101528,0.026,-0.00813,Other
A0ABK0L6W0,Zc3h7b,-0.01146,0.01219,Other
A0ABK0L6W5,Cstf2t,-0.00758,0.0081,Nucleus
A0ABK0L785,Ntan1,0.00164,-0.01088,Other
A0ABK0L7D9,Itga11,-0.02102,0.01116,Other
A0ABK0L7N0,Fundc2,0.00288,0.00143,Mitochondrion
A0ABK0L7Q4,Atl2,-0.00842,-0.01774,Nucleus
A0ABK0L834,Atxn7l3b,-0.01112,0.03263,Other
A0ABK0L8A2,Kpna2l1,-0.01197,-0.01869,Other
A0ABK0L8A8,Nacad,-0.00293,-0.02953,Other
A0ABK0L8B7,Fubp3,-0.02423,0.00852,Other
A0ABK0L8F8,Trim30d,0.00156,0.00218,Other
A0ABK0L8H2,Tsen34,0.00156,-0.02139,Nucleus
A0ABK0L8K7,Akt1s1,-0.01277,-0.024140000000000002,Other
A0ABK0L907,S100a13,0.01213,-0.00159,Nucleus
A0ABK0L957,Smim1,-0.01455,0.02886,Other
A0ABK0L9G3,Zfp207,0.01108,4.6e-4,Cytoskeleton
A0ABK0L9X6,Smap1,0.00368,0.03483,Other
A0ABK0LA20,Rnf25,-0.00643,0.01297,Other
A0ABK0LA32,Otud4,-0.00455,0.01144,Other
A0ABK0LAB0,Abl2,-0.0071,-0.0114,Cytoskeleton
A0ABK0LAC0,Srsf11,0.00343,-0.02071,Nucleus
A0ABK0LAD1,Ankhd1,-0.00358,-0.01086,Other
A0ABK0LAF7,Kif3b,-0.00922,0.01079,Cytoskeleton
A0ABK0LAK6,Fam114a2,-0.0216,0.01308,Other
A0ABK0LAL4,Ipo5,0.02706,-0.00268,Nucleus
A0ABK0LAY8,Copz2,0.00535,-9.9e-4,Nucleus
A0ABK0LB01,Rab30,0.00988,-0.01846,Other
A0ABK0LB32,Dnaaf10,-0.01237,-0.01602,Other
A0ABK0LB68,Cisd2,-0.0164,-0.02431,Mitochondrion
A0ABK0LB97,Rrp1b,5.5e-4,-0.00148,Nucleus
A0ABK0LBN8,Mob2,0.01623,0.01232,Nucleus
A0ABK0LBP5,Vrk2,0.01768,-0.00995,Mitochondrion
A0ABK0LBP7,Tpd52,-0.01634,-0.01771,Nucleus
A0ABK0LBR7,Ergic1,-0.00516,0.0129,Nucleus
A0ABK0LBS5,Borcs7,-0.02071,0.00629,Other
A0ABK0LBV7,Pcbp3,0.01079,-0.01231,Other
A0ABK0LBZ4,Chchd7,-0.00469,0.00831,Mitochondrion
A0ABK0LBZ9,Uqcr11,0.01348,0.00812,Mitochondrion
A0ABK0LC18,Nufip2,-0.02376,-0.01448,Nucleus
A0ABK0LC42,Triobp,0.01511,-0.00278,Cytoskeleton
A0ABK0LCE3,Psmg1,0.00502,-0.01016,Other
A0ABK0LCL0,Robo2,-0.0124,-0.00261,Other
A0ABK0LCV2,Kif13a,-0.01138,0.00948,Cytoskeleton
A0ABK0LD14,Ptprd,-0.00489,0.0207,Other
A0ABK0LDA6,Dnaaf5,-0.00572,0.02644,Other
A0ABK0LDP4,Dtx3,-0.00427,0.01163,Other
A0ABK0LDR4,Pogz,5.3e-4,0.00722,Nucleus
A0ABK0LDS2,Dusp3,0.02152,-0.00927,Other
A0ABK0LDU3,Polr2k,-0.0045,0.01649,Nucleus
A0ABK0LDV5,Reps1,-0.01096,-0.00147,Other
A0ABK0LE58,Coa6,-0.01453,0.00434,Other
A0ABK0LE79,Ano10,0.00777,-0.00387,Other
A0ABK0LED6,Lyplal1,0.02744,0.00533,Mitochondrion
A0ABK0LEE5,Ap1s1,0.02429,0.00158,Other
A0ABK0LEJ2,Bicd2,0.02062,-0.0039,Cytoskeleton
A0ABK0LEL2,AC128212.1,0.02491,0.00463,Other
A0ABK0LEP2,Syne1,-0.00153,-0.00767,Cytoskeleton
A0ABK0LET2,AABR07005588.1,0.02025,-0.01021,Other
A0ABK0LEZ8,Cog3,-0.00483,0.00687,Other
A0ABK0LFC3,Gabpa,0.0022,-0.00183,Nucleus
A0ABK0LFN1,Tjp2,-0.00823,-0.03191,Other
A0ABK0LFP2,Ovca2,0.01112,0.00175,Other
A0ABK0LFP9,Ahnak,-0.01741,-0.02789,Cytoskeleton
A0ABK0LFU5,A0ABK0LFU5,-0.00302,0.00842,Other
A0ABK0LFY1,Pwp1,0.01081,-0.00433,Nucleus
A0ABK0LG41,Heatr5a,0.02115,0.0121,Other
A0ABK0LG43,Psca,-0.00759,-0.01662,Other
A0ABK0LG84,Ten1,0.02375,-0.00332,Nucleus
A0ABK0LGB8,Mrps14,-0.01093,-0.016,Mitochondrion
A0ABK0LGF5,Rpl34l1,-0.00141,-0.00737,Other
A0ABK0LGI9,Kif7,0.00485,0.004,Cytoskeleton
A0ABK0LGJ9,C1h11orf58,-0.01021,-1.1e-4,Other
A0ABK0LGP3,Eng,-0.00635,-0.02035,Other
A0ABK0LGR9,Gid8,-0.00991,0.01555,Other
A0ABK0LGW0,Ep300,-0.01799,0.00527,Nucleus
A0ABK0LGW6,Heatr5b,0.00583,4.8e-4,Nucleus
A0ABK0LH10,Sgca,0.00447,0.00984,Nucleus
A0ABK0LH17,A0ABK0LH17,0.00318,-0.00377,Other
A0ABK0LH61,Rtn4ip1,0.00125,0.00434,Mitochondrion
A0ABK0LH83,Rragc,0.02225,0.0146,Other
A0ABK0LHB2,Ptpa,0.02345,-8.8e-4,Other
A0ABK0LHG8,Epb41,-0.0048,0.00316,Cytoskeleton
A0ABK0LHH2,Gbe1,-0.01209,-0.00324,Other
A0ABK0LHI9;Q6TXI6,Lpgat1;Lpgat1l1,0.00507,0.03172,Other
A0ABK0LI09,Peg10,2.5e-4,0.0101,Other
A0ABK0LIE5,Ap3b1,0.01155,-2.4e-4,Mitochondrion
A0ABK0LIQ3,Sdhaf4,-0.00453,-0.00476,Mitochondrion
A0ABK0LIT8,Atraid,0.01286,-0.0192,Nucleus
A0ABK0LIV5,Chrac1,8.2e-4,-0.02639,Nucleus
A0ABK0LJB9,Col4a5,-0.00615,-0.00457,Other
A0ABK0LJG1,Alg9,-0.00618,0.02736,Nucleus
A0ABK0LJG8,Arl15,-0.00299,-0.01977,Other
A0ABK0LJN3,Ubl5,0.00591,-0.0191,Nucleus
A0ABK0LJR0,A0ABK0LJR0,0.02701,-0.00104,Other
A0ABK0LJR9,C9h6orf226,-0.00493,-0.02642,Other
A0ABK0LJU8,Cnpy4,-0.02601,-0.00514,Other
A0ABK0LJW5,Glb1l2,-0.00109,0.00978,Other
A0ABK0LJW8,Lbh,-0.01875,-0.0165,Other
A0ABK0LK29,Kif13b,-0.00528,0.01016,Cytoskeleton
A0ABK0LK67,Tmem167a,-0.01385,0.01438,Other
A0ABK0LKA1,Scrib,0.00162,-0.02558,Other
A0ABK0LKC2,Cdkn1a,0.00824,-0.01853,Nucleus
A0ABK0LKC6,Senp3,0.00248,0.00993,Nucleus
A0ABK0LKL1,A0ABK0LKL1,3.6e-4,-0.00813,Other
A0ABK0LKN3,Ubp1,0.01707,-0.01061,Nucleus
A0ABK0LKT7,Lemd2,-0.00434,-0.01477,Cytoskeleton
A0ABK0LL52,Fndc3b,0.01728,0.02614,Other
A0ABK0LL66,Dffa,-0.00992,0.00588,Nucleus
A0ABK0LL92,Itga6,-0.00793,2.9e-4,Other
A0ABK0LLE0,Prtfdc1,0.02611,8e-5,Other
A0ABK0LLS2,Agk,0.01418,0.00238,Mitochondrion
A0ABK0LLW9,Otud7b,-0.00474,0.00838,Other
A0ABK0LLZ6,Ube2e1,9.9e-4,-0.00327,Other
A0ABK0LM17,Cops6,0.02151,0.0176,Nucleus
A0ABK0LMD5,Ube2q2l,0.00951,-0.00322,Other
A0ABK0LMJ1,Pycr1,0.02637,0.00289,Mitochondrion
A0ABK0LMJ6,Abracl,-0.00479,0.02724,Other
A0ABK0LMR7,Plcd3,-0.01453,-0.0076,Other
A0ABK0LMS4,Mia3,-0.02526,-0.00751,Nucleus
A0ABK0LN48,Gan,-0.01011,0.02537,Cytoskeleton
A0ABK0LN59,Vav2,0.00759,-0.00437,Other
A0ABK0LNN2,Fcsk,0.01933,-0.01455,Other
A0ABK0LNS3,Rin2,-0.0095,0.02239,Other
A0ABK0LNT8,A0ABK0LNT8,-0.01353,0.02221,Other
A0ABK0LNW8,Acp6,-0.01791,-0.00654,Mitochondrion
A0ABK0LNX9,Gla,-0.002,-0.01788,Other
A0ABK0LP56,Lmo7,-0.00431,0.00256,Mitochondrion
A0ABK0LP68,Sh3pxd2a,-0.00308,-0.00547,Cytoskeleton
A0ABK0LP70,Fblim1,-0.01422,0.01067,Cytoskeleton
A0ABK0LP96,H2ax,-0.01458,0.00892,Cytoskeleton
A0ABK0LP99,Rab22a,0.00629,-2.6e-4,Cytoskeleton
A0ABK0LPS1,Adam9,0.00668,0.02723,Other
A0ABK0LPW3,A0ABK0LPW3,-0.00225,-0.02021,Other
A0ABK0LPZ8,Myof,0.00981,0.01577,Cytoskeleton
A0ABK0LQC8,Kptn,-0.01405,0.02825,Other
A0ABK0LQD5,Dph3,-0.0018,0.01233,Other
A0ABK0LQJ9,Psme3ip1,-0.005,-0.00909,Nucleus
A0ABK0LQY2,Ppip5k2,-0.01156,0.02491,Other
A0ABK0LR69,Sec24b,-0.01681,-2.7e-4,Nucleus
A0ABK0LRE4,Hypk,-0.02702,2.6e-4,Other
A0ABK0LRK7,Sgcd,-4.1e-4,-0.01177,Nucleus
A0ABK0LRM0,AABR07040938.1,0.00647,0.00833,Other
A0ABK0LRM4,Shmt1,0.00658,-0.01794,Mitochondrion
A0ABK0LRP3,Rpl13a-ps4,-0.00626,0.02328,Other
A0ABK0LRV2,Swap70,-0.01263,-0.00345,Cytoskeleton
A0ABK0LSF8,Hacd2,0.00171,0.01977,Nucleus
A0ABK0LSR0,Bag2,-0.02384,-0.01694,Cytoskeleton
A0ABK0LST5,Cpeb2,-8.2e-4,-0.00178,Other
A0ABK0LSU1,A0ABK0LSU1,0.01371,0.02764,Other
A0ABK0LSW2,A0ABK0LSW2,-0.00322,-0.00183,Other
A0ABK0LTU6,Ppp6r1,-0.02518,0.01296,Other
A0ABK0LU34,LOC120094610,0.00783,0.00558,Other
A0ABK0LU39,Commd1,0.00168,6.9e-4,Other
A0ABK0LU61,Tcerg1,-0.01521,0.01448,Nucleus
A0ABK0LU98,Hnrnpa0,-0.01376,0.01127,Other
A0ABK0LUF6,Commd10,0.01347,-0.02362,Other
A0ABK0LUK5,C5h1orf122,7e-5,-0.01504,Other
A0ABK0LUL5,Mrpl50,-0.01247,0.00375,Mitochondrion
A0ABK0LUQ5,A0ABK0LUQ5,0.00711,-0.01833,Other
A0ABK0LUR4,Erf,-0.01567,0.01371,Nucleus
A0ABK0LUS4,Dctn3l1,0.02573,-0.01134,Other
A0ABK0LUU7,Plxdc2,-0.00378,0.01165,Nucleus
A0ABK0LUV8,Dennd10,8.8e-4,-0.01693,Other
A0ABK0LUW9,Gng2,-0.0074,0.00224,Other
A0ABK0LV51,Commd7,-0.00949,-0.00482,Other
A0ABK0LV83,Gprc5a,0.00306,0.02034,Other
A0ABK0LV86,Inpp1,-0.0162,-0.02317,Other
A0ABK0LVE7,Hdac2,0.00664,0.03221,Nucleus
A0ABK0LVN3,Hddc2,-0.00755,0.03321,Other
A0ABK0LVP0,Mrpl51,-0.00936,-0.00131,Mitochondrion
A0ABK0LVR6,Inf2,-0.00129,-0.02304,Cytoskeleton
A0ABK0LVY3,Otub2,0.00322,0.01612,Other
A0ABK0LVZ7,Nvl,8.4e-4,0.00839,Nucleus
A0ABK0LW29,B3glct,-0.01276,0.00599,Nucleus
A0ABK0LWE5,Lsm1,0.01313,-0.00518,Other
A0ABK0LWE7,A0ABK0LWE7,-0.00181,-0.00139,Other
A0ABK0LWR1,Ccnt1,-0.00213,-0.02788,Nucleus
A0ABK0LWT5,Mlf2,-0.01422,0.00261,Other
A0ABK0LWT7,Cd99,-0.00445,0.02478,Other
A0ABK0LXA1,Msrb3,-0.01786,0.02683,Mitochondrion
A0ABK0LXI6,Sec61b,-0.02624,-0.00275,Nucleus
A0ABK0LXL8,Tmem160,0.01856,0.01691,Mitochondrion
A0ABK0LXR0,Atp6v1a,0.02466,-0.01305,Cytoskeleton
A0ABK0LXS5,Prrc2c,-0.02248,-0.00581,Other
A0ABK0LY08,Col5a2,-0.02361,0.00641,Other
A0ABK0LY56,Pin4,-0.01039,0.00635,Mitochondrion
A0ABK0LYD4,Mrps35,-0.0128,0.00218,Mitochondrion
A0ABK0LYE0,Ccnyl1,0.00936,-0.02839,Other
A0ABK0LYE1,Dock1,0.00114,0.01244,Other
A0ABK0LYF2,Zfp638,-0.00296,5.7e-4,Nucleus
A0ABK0LYR3,Rpl28l4,-0.0103,0.03082,Other
A0ABK0LYW7;D3ZZW2;F1M6L8,AC139642.2;Tma7;Tma7b,0.00362,0.01485,Other
A0ABK0LZ33,Ube2v1l1,0.02337,0.01291,Other
A0ABK0LZ43;D3ZZ95,Rpl36;Rpl36l3,0.01842,0.02732,Other
A0ABK0LZQ4,Sesn3,0.00189,-0.02625,Other
A0ABK0M049,Clptm1,-0.01934,-0.01149,Other
A0ABK0M0J6,Dip2b,-0.00206,0.01277,Other
A0ABK0M0K4,Trim33,0.00163,-0.02762,Nucleus
A0ABK0M194,Rmnd5a,0.004,0.02338,Other
A0ABK0M1J9,Urm1,0.01417,-0.00922,Other
A0ABK0M262,Hnrnpll,-0.01027,0.02608,Other
A0ABK0M279,Txndc5,-0.02748,0.00277,Other
A0ABK0M285,Mcm5,-0.00448,0.01811,Nucleus
A0ABK0M2F5,Iqce,-0.00375,-0.01378,Other
A0ABK0M2I8,Mxra7,-0.01612,0.00911,Other
A0ABK0M2N2,Umps,0.02377,9.4e-4,Other
A0ABK0M2Q2,Txndc17,-0.02006,-0.0081,Other
A0ABK0M2U2,Exoc6b,0.00827,-0.0136,Other
A0ABK0M2Y8,Agpat5,-0.00131,0.02691,Mitochondrion
A0ABK0M317,Ppm1l,0.01747,0.00501,Nucleus
A0ABK0M3M5,Uri1,-0.00609,-0.00178,Mitochondrion
A0ABK0M3T4,Natd1,-0.00461,0.00464,Other
A0ABK0M3U7,Ndufa3,0.00907,0.0269,Mitochondrion
A0ABK0M4M7,Psmd6,-0.01465,0.02491,Other
A0ABK0M4W7,Nfib,-0.01068,0.00815,Nucleus
A0ABK0M5D5,Psme1-ps1,0.00386,0.0227,Other
A0ABK0M5V0,Cnn2,-0.02324,0.01752,Cytoskeleton
A0ABK0M6J6,Arid1b,0.00457,0.00144,Nucleus
A0ABK0M7R6,Zfp330,0.00236,0.01145,Nucleus
A0ABK0M8L4,AABR07006724.1,0.01137,-3.8e-4,Other
A0ABK0M8Q5,Zfp281,0.00188,0.00885,Other
A0ABZ3NN82,Tbc1d20,-0.0107,0.02263,Nucleus
A0ABZ3NNA7,Fkbp14,-0.00767,0.02785,Other
A0ABZ3NNC4,Eif4g2,-0.0182,0.00978,Other
A0ABZ3NNE8,Rnf126,-0.00702,0.02045,Other
A0ABZ3NNF0,Cnot4,-0.00771,-0.01079,Other
A0ABZ3NNL5,Ppp1r8,-0.0021,-0.01198,Nucleus
A0ABZ3NNM4,Rhoc,0.026,-3.8e-4,Cytoskeleton
A0ABZ3NNM8,Prorsd1,-0.01007,0.02603,Other
A0ABZ3NNN1,Arpc4,0.01911,0.02511,Cytoskeleton
A0ABZ3NNN6,Cnot7,0.02316,-0.01625,Nucleus
A0ABZ3NNN9,Thoc3,-0.0021,0.01287,Nucleus
A0ABZ3NNP9,Lztr1,0.00451,0.0219,Other
A0ABZ3NNR9,Wac,0.00459,5.3e-4,Nucleus
A0ABZ3NNW6,Ccdc186,-0.01412,0.00469,Other
A0ACD6B5B5,Selenoo,-8.7e-4,0.0105,Mitochondrion
A0FKI7,Acbd5,0.01425,0.01069,Other
A0JN29,Lnpk,-0.00644,-0.00893,Nucleus
A0JN30,Cnpy2,-0.02535,-0.01247,Other
A0JPJ7,Ola1,0.0169,-0.01698,Nucleus
A0JPM9,Eif3j,-0.02624,-0.0067,Other
A0JPP1,Drap1,-0.01634,-0.02168,Nucleus
A0JPQ9,Chid1,0.00368,-0.00495,Other
A0MV40,Shisa4,-0.01408,-0.02182,Other
A1A5P0,Cdc42ep1,-0.01883,-0.00883,Cytoskeleton
A1A5P5,Armc9,0.00165,0.01981,Cytoskeleton
A1A5R1,Rbfox2,-0.00122,0.02816,Other
A1A5S1,Prpf6,0.01333,0.00973,Other
A1L108,Arpc5l,-0.00596,0.02813,Cytoskeleton
A1L131,Cuedc2,0.00632,-0.0188,Other
A1L134,Aup1,-0.00825,0.01498,Nucleus
A1L1I3,Numbl,-0.00622,-0.00106,Other
A1L1J8,Rab5b,0.0165,-0.00875,Other
A1L1J9,Lmf2,0.01636,0.00909,Nucleus
A1L1K3,Anapc5,0.01588,0.00683,Cytoskeleton
A1L1K4,Cdc42se2,-0.01274,-0.02486,Other
A1L1L2,Tmem214,-0.01097,-0.02531,Cytoskeleton
A1L1L5,Ccnk,0.00314,0.00262,Nucleus
A1L1L6,Rhot1,0.02134,-0.00992,Mitochondrion
A2RRU1,Gys1,0.00931,0.02049,Other
A2RUW1,Tollip,-0.00266,8.7e-4,Nucleus
A2VCX1,Tiprl,0.01088,0.03236,Other
A2VD12,Pbxip1,-0.02196,-0.00466,Cytoskeleton
A4GW50,Stk38l,0.00697,-0.00951,Cytoskeleton
A4L9P7,Pds5a,0.00379,0.00291,Nucleus
A6H9T8,Cdc42ep3,-0.01285,-0.00293,Cytoskeleton
A6HAV6,Itgb1bp1,-0.00601,-0.01053,Nucleus
A6HD62,Stub1,-0.01805,-0.00326,Mitochondrion
A6HE59,Hnrnpab,-0.01491,0.00605,Nucleus
A6HE60,Nhp2,0.00729,0.00881,Nucleus
A6HIT6,Psmd3,-0.00536,-0.00973,Other
A6HJZ8,Dcaf7,0.002,-0.01354,Nucleus
A6HKK9,Nat9,0.00269,0.01188,Other
A6HP79,Aqr,-4.9e-4,0.01919,Nucleus
A6HQ90,Vps16,0.00721,-0.02551,Other
A6HT35,Pmm1,0.01785,-0.00381,Other
A6HWM4,Pigk,-0.00207,0.02099,Nucleus
A6HXD6,Tubgcp2,-0.00209,-0.00951,Cytoskeleton
A6I2E0,Dbr1,-5.9e-4,0.00314,Other
A6I2V0,Tex264,-0.009,0.00296,Nucleus
A6I4N6,Xrcc4,-0.00826,0.02485,Nucleus
A6I691,Ndufc2,-0.02276,-4e-4,Mitochondrion
A6IA08,Bag3,-0.02664,0.00423,Cytoskeleton
A6IB43,Eefsec,0.00102,0.01681,Other
A6ICH5,Tmem9,0.00276,-0.00406,Other
A6IDY9,Ndufa4,-0.00127,0.00507,Mitochondrion
A6IE42,Lsm8,-0.01405,0.0018600000000000001,Nucleus
A6IHJ4;D3ZSF9,Rpl22l1;Rpl22l2,-0.01692,-0.00457,Other
A6INQ7,Mrps9,0.0183,-0.00933,Mitochondrion
A6IPG1,Eef1b2,-0.02356,0.00226,Other
A6IPZ9,Pdk3,0.00227,-0.01741,Mitochondrion
A6IRL8,Osbpl11,0.00209,-0.02016,Other
A6IUF7,Dnajc11,-0.00615,0.02035,Mitochondrion
A6IWF8,Champ1,-0.00496,-0.01915,Cytoskeleton
A6IWT6,Efnb2,-0.00382,-0.0058,Other
A6IYV4,Dus2,0.0065,-0.01733,Mitochondrion
A6IYY7,Cog8,-0.00374,-0.02168,Other
A6J222,Tmem119,-0.02242,0.00105,Nucleus
A6J3F9,Rnf14,0.0156,0.01569,Other
A6J6P2,S100a16,0.001,-0.02489,Nucleus
A6J7I2,Serpinb6a,-0.01287,0.02551,Other
A6J7V3,Hdhd3,-0.0055,-0.00631,Mitochondrion
A6J8V8,Pvr,-0.01495,-0.02883,Other
A6J903,Ethe1,-0.0252,-0.00595,Mitochondrion
A6JAS9,Tbc1d17,0.00851,0.00844,Other
A6JB73,Sphk2,-0.00829,0.00558,Mitochondrion
A6JFZ3,Usf1,-0.01872,-0.00105,Nucleus
A6JIS7,Polr1c,0.0143,-0.03013,Nucleus
A6JJK6,Bak1,0.02342,0.01653,Mitochondrion
A6JPV3,Vps37a,7.6e-4,0.01063,Other
A6JQ21,Slc1a4,-0.02539,0.01397,Cytoskeleton
A6JSH8,Trmt2a,0.00438,-0.02105,Other
A6JTV7,Endog,0.00504,-0.00851,Mitochondrion
A6JU10,Tor1b,0.00634,-0.01829,Nucleus
A6JVD5,Alg5,-0.01148,0.02026,Nucleus
A6JX44,Pkig,-0.00952,-0.01517,Other
A6K2U1,Psmd4,-0.02681,-0.01056,Other
A6K6G4,Mtmr9,-0.00986,0.0118,Nucleus
A6K6W9,Mtres1,0.0051,-0.0084,Mitochondrion
A6K9X0,Colgalt1,-0.02359,-0.0021,Other
A6KB61,Riok2,3e-4,-0.02207,Other
A6KF70,Epb41l3,-0.02714,0.00323,Other
A6KHP5;B5DFA6,Gem;Rem1,0.01464,-0.01381,Other
A6KI11,Eif2s2,0.01054,0.00134,Other
A6KJF6,Erp44,0.02136,0.01607,Nucleus
A6KKW6,Fam210b,0.00734,1e-4,Mitochondrion
A6KNE7,Snrpd1,-0.0074,0.02651,Nucleus
A6KSS8,Mcm7,0.01865,0.0115,Nucleus
A6KTP7,Lsm2,0.0116,0.0143,Nucleus
A7VJC2,Hnrnpa2b1,-0.0013,0.01644,Nucleus
A8IHN8,Ag2,-0.01814,0.01095,Other
A9UMV8;Q4FZT6,H2ac25;H2aj,-0.00221,0.00544,Other
B0BMS9,Prkrip1,0.00465,-0.02592,Cytoskeleton
B0BMT9,Sqor,0.00599,0.02229,Mitochondrion
B0BMV4,Yif1a,-0.01123,0.03012,Nucleus
B0BMY6,Otulin,0.01278,-0.02069,Other
B0BN18,Pfdn2,-0.02332,-0.00781,Mitochondrion
B0BN30,Mtch1,0.01157,-0.01411,Mitochondrion
B0BN48,Cdk2ap1,0.00448,0.02275,Nucleus
B0BN56,Mrps31,-0.01158,0.01772,Mitochondrion
B0BN63,Ahsa1,0.02239,-0.00599,Other
B0BN72,Mcrip1,-0.01895,0.01728,Other
B0BN83,Armc1,-0.00889,-0.00191,Mitochondrion
B0BN85,Sugt1,-0.02151,0.00375,Nucleus
B0BN86,Tmem11,0.01018,-0.01056,Mitochondrion
B0BN93,Psmd13,0.02745,-0.00762,Other
B0BN94,Fam136a,-0.01683,0.00663,Mitochondrion
B0BN98,Llph,0.00604,0.00571,Nucleus
B0BNA5,Cotl1,-0.01973,-0.00158,Cytoskeleton
B0BNA7,Eif3i,0.0093,0.02095,Other
B0BNA9,Cnot11,0.01068,-0.01697,Other
B0BNB0,Golt1b,0.00924,0.01979,Other
B0BNB5,Nup43,0.00791,-0.00509,Nucleus
B0BNB9,Htra2,0.01083,-0.0109,Mitochondrion
B0BNE2,Polr2e,0.00946,-0.01326,Nucleus
B0BNE5,Esd,0.00366,0.00913,Other
B0BNE7,Tspan7,0.00984,-0.00934,Other
B0BNF1,Septin8,-0.02087,-0.00356,Cytoskeleton
B0BNF8,Htatip2,0.02016,0.00474,Mitochondrion
B0BNG0,Emc2,-9e-5,0.0022,Nucleus
B0BNG5,Hif1an,-0.01625,-0.00915,Nucleus
B0BNK1,Rab5c,0.00718,-0.00301,Other
B0BNL7,Rell1,-6.1e-4,0.02031,Other
B0BNM1,Naxe,0.01615,0.00572,Mitochondrion
B0BNM9,GLTP,0.02415,0.0134,Other
B0BNN3,Ca1,0.00821,-0.01411,Other
B0K015,Commd8,-0.02373,0.00163,Other
B0K017,Adprs,0.01479,-0.01343,Mitochondrion
B0K019,Bag1,-0.02106,0.01546,Other
B0K020,Cisd1,-0.01148,-0.02519,Mitochondrion
B0K025,Ostc,0.00439,0.01797,Nucleus
B0LT89,Stk24,0.00787,-0.02867,Nucleus
B1H222,Gorab,-0.01225,-0.01033,Other
B1H232,Islr,0.01113,0.00277,Other
B1H257,Borcs5,-0.00498,-0.03242,Cytoskeleton
B1H267,Snx5,0.0196,-0.0154,Cytoskeleton
B1H268,Mcmbp,0.01017,0.01222,Other
B1H2A2,Fsd1,0.01378,-0.01645,Cytoskeleton
B1PRL5,Cavin4,-0.01311,-0.01621,Other
B1WBS4,Vps26b,0.00597,0.02391,Other
B1WBV0,Ctu1,0.00316,-0.01612,Other
B1WBV4,Plekhf2,-0.00768,0.00933,Other
B1WBW4,Armc10,0.02094,-0.01406,Mitochondrion
B1WBY7,Erlin1,0.02021,0.02143,Nucleus
B1WBZ6,Cxhxorf38,0.01647,-0.01678,Other
B1WC09,Ddr2,-0.01427,0.00167,Other
B1WC26,Nans,-0.00436,0.00657,Other
B1WC33,Cdc42ep4,-0.02609,0.0033,Cytoskeleton
B1WC40,Ncbp2,0.02282,-0.00416,Other
B1WC42,Trip6,-0.01752,0.02065,Cytoskeleton
B1WC44,Nmd3,-0.01533,-0.01276,Nucleus
B1WC49,Api5,-0.01496,-0.0175,Nucleus
B1WC61,Acad9,0.02663,0.00857,Mitochondrion
B1WC66,Nt5dc1,-0.00291,0.0053,Other
B1WC73,Arl6,0.01163,-0.00876,Cytoskeleton
B1WC88,B1WC88,-0.01523,-0.00446,Other
B2GUV7,Eif5b,0.00411,-0.01984,Other
B2GUY0,Man1b1,0.0207,-0.00577,Nucleus
B2GUZ1,Usp4,0.00691,0.00899,Other
B2GUZ3,Mthfd1l,0.00666,-0.03313,Mitochondrion
B2GUZ5,Capza1,-0.01957,0.0059,Cytoskeleton
B2GUZ7,Tbcc,0.00896,-0.00304,Cytoskeleton
B2GV05,Rbm5,-0.00839,0.01943,Nucleus
B2GV06,Oxct1,0.005,0.01836,Mitochondrion
B2GV14,Txlna,-0.01435,-0.01011,Other
B2GV15,Dbt,0.02083,-9e-4,Mitochondrion
B2GV22,Ptdss2,0.00746,0.00413,Nucleus
B2GV24,Ufl1,0.01171,-0.01394,Mitochondrion
B2GV38,Ubl4a,-0.00515,-0.02597,Other
B2GV41,Usp39,0.00466,0.00841,Nucleus
B2GV52,Bloc1s5,-0.00862,0.01755,Other
B2GV54,Nceh1,0.01363,-0.02083,Nucleus
B2GV55,Ube2q1,0.00837,-0.02232,Cytoskeleton
B2GV65;D3ZU87,Higd2a;Higd2al1,-0.01242,0.02313,Other
B2GV72,Cbr3,0.01196,0.02967,Mitochondrion
B2GV94,Retreg3,0.01144,-0.022,Nucleus
B2GV96,Ccdc115,0.00531,-0.02708,Other
B2RYD7,Stt3b,0.01497,-0.01457,Nucleus
B2RYF7,Washc1,-0.00813,-0.00554,Cytoskeleton
B2RYG5,Taf15,-0.0196,0.01903,Nucleus
B2RYG6,Otub1,0.02638,0.00115,Other
B2RYI0,Wdr91,-3.5e-4,0.00376,Other
B2RYI5,Ankrd40,0.01807,-0.0127,Other
B2RYJ3,Cul4a,0.02273,-0.00443,Nucleus
B2RYJ4,Aasdhppt,0.02204,0.0046,Other
B2RYL1,Derpc,-0.00723,0.00654,Other
B2RYL4,Armc6,0.02393,-0.00944,Other
B2RYM5,Brcc3,0.00192,-0.00623,Cytoskeleton
B2RYM6,Zc3hc1,1.9e-4,-0.02001,Nucleus
B2RYN0,Pgm3,0.00864,0.01497,Other
B2RYN7,Spast,0.02245,-0.01346,Cytoskeleton
B2RYP3,Fam91a1,0.01807,0.02276,Other
B2RYS2,Uqcrb,-0.01825,-0.01343,Mitochondrion
B2RYS8,Ndufb8,-0.02301,0.0119,Mitochondrion
B2RYS9,Trmt112,-0.02713,0.00432,Nucleus
B2RYT0,Mrps21,0.02102,0.0036,Mitochondrion
B2RYT9,Taco1,0.00434,-0.00894,Mitochondrion
B2RYU7,Cbx5,-0.01887,0.01211,Nucleus
B2RYU8,Lyrm1,0.01069,0.01543,Mitochondrion
B2RYW8,Micos10,0.00589,0.02581,Mitochondrion
B2RYW9,Fahd2a,0.02476,0.0113,Mitochondrion
B2RYX1,Uqcr10,0.02834,0.0018600000000000001,Mitochondrion
B2RZ20,Ssna1,-0.0091,-0.01217,Cytoskeleton
B2RZ27,Sh3bgrl3,-0.01243,0.00938,Other
B2RZ33,Nck1,0.01414,0.00955,Other
B2RZ37,Reep5,-0.01379,-0.01004,Nucleus
B2RZ44,Naa20,-0.00869,-0.01802,Other
B2RZ66,Srp19,-0.00616,0.01618,Nucleus
B2RZ78,Vps29,0.00892,0.02818,Other
B2RZ79,Iscu,-0.01386,-0.00781,Mitochondrion
B2RZC9,Krtcap2,-0.01704,-0.00448,Nucleus
B3DMA2,Acad11,-0.01147,-0.00486,Mitochondrion
B3GNI6,Septin11,-0.00486,-0.02112,Cytoskeleton
B4F777,Hmgn5,-0.02374,0.00892,Nucleus
B4F778,Rfc4,0.01464,-0.00617,Nucleus
B4F786,Cd2bp2,0.0046,-0.01023,Nucleus
B4F795,Slc44a2,0.00565,0.02722,Mitochondrion
B4F7A3,Lgalsl,-0.00214,-0.01031,Other
B4F7C7,Hebp1,-0.01342,-0.01503,Mitochondrion
B4F7E7,Pals1,0.00786,-0.01638,Other
B4F7E8,Niban2,0.01561,-0.00275,Other
B4F7F3,Arvcf,-0.01507,0.01698,Other
B5DEF5,Slc39a1,0.02604,0.01337,Nucleus
B5DEG8,Sec24c,0.01888,0.01183,Nucleus
B5DEH0,Limd1,0.00304,-0.02882,Other
B5DEH2,Erlin2,0.01719,-0.02148,Nucleus
B5DEH4,Uap1l1,-0.00791,-0.01035,Other
B5DEI0,Pcyox1l,0.01568,0.00918,Other
B5DEJ6,Tpk1,0.0195,-0.01677,Other
B5DEK0,Rprd1b,-0.00545,-0.01278,Other
B5DEL1,Kctd5,0.00368,0.03265,Other
B5DEL8,Ndufs5,0.00485,0.02549,Mitochondrion
B5DEM7;A0A8I6GH96,ENSRNOG00000068353;Supt4h1,-0.00588,-0.00288,Other
B5DEN9,Vps28,0.02637,0.00777,Other
B5DEP5,Trip4,-0.00647,0.01617,Cytoskeleton
B5DEQ3,Xpnpep3,-0.00153,0.01869,Mitochondrion
B5DEQ4,Snrpb2,-0.0088,0.01638,Nucleus
B5DEZ3,Ccdc126,-0.00369,-0.02105,Other
B5DF09,Eapp,0.00216,-0.005,Nucleus
B5DF11,Zfand5,0.00417,0.00805,Other
B5DF21,Samd4a,-0.00852,0.00463,Other
B5DF27,Loxl2,0.00249,0.00252,Nucleus
B5DF29,Rfc5,0.01797,-0.00818,Nucleus
B5DF51,Mmgt1,-0.02206,0.01319,Nucleus
B5DF55,Stam,-0.02483,-0.00247,Other
B5DF62,Pak4,-0.02145,-0.01314,Other
B5DF89,Cul3,0.0153,-0.01101,Cytoskeleton
B5DF91,Elavl1,-0.00364,0.00906,Nucleus
B5DF93,Patl1,7e-4,-0.01559,Nucleus
B5DFA5,Poglut2,-0.01039,-0.02061,Other
B5DFC3,Sec23a,0.01599,0.02295,Nucleus
B5DFC6,Gnpda1,0.00979,-0.00948,Other
B5DFC8,Eif3c,-0.01199,-0.02788,Other
B5DFC9,Nid2,-0.00444,0.00526,Other
B5DFF4,Vps37c,-0.00239,0.00507,Other
B5DFJ4,Vps18,0.01339,0.00454,Cytoskeleton
B5DFK6,Ap3d1,-0.01789,0.01298,Other
B5DFL9,Sestd1,0.01181,-0.02151,Cytoskeleton
B5DFM8,Bcas2,-0.00128,0.01446,Nucleus
B5DFN2,Ahcyl1,0.02421,0.01626,Mitochondrion
B5DFN3,Uqcc2,0.00705,-0.02473,Mitochondrion
D2XV59,Gtpbp1,0.01039,0.01408,Other
D3Z7Z5,Ranbp10,0.01632,-0.00989,Cytoskeleton
D3Z863,Cwf19l1,-3.1e-4,0.01754,Nucleus
D3Z898,Samhd1,0.00396,0.01774,Other
D3Z8B2,Nup133,0.01805,-0.00854,Nucleus
D3Z8E0,Rps6ka3,-0.00324,0.02584,Nucleus
D3Z8E6,Camsap1,-0.01564,-0.00117,Cytoskeleton
D3Z8K5,Usp38,0.00472,-0.01657,Other
D3Z8L5,Pum1,-0.00623,-0.00918,Other
D3Z8L7,Rras,0.02854,0.00244,Other
D3Z8P1,Rnf7,0.00879,-0.00549,Other
D3Z8Q7,Ciao2b,-0.02119,0.01721,Cytoskeleton
D3Z8W5,Ube2l3,-0.00272,-0.00313,Other
D3Z914,Inip,-0.00431,0.00556,Nucleus
D3Z941,Mars1,0.01037,0.02729,Nucleus
D3Z955,Pgm2l1,0.01285,0.01862,Other
D3Z9D2,Fyco1,2.7e-4,-0.01417,Other
D3Z9G1,Fbxw17,5.1e-4,-3.4e-4,Other
D3Z9H7,Nfatc4,-0.00301,-0.00864,Nucleus
D3Z9I1,Coa3,-0.01017,0.00814,Mitochondrion
D3Z9K2,Mrpl54,0.00304,-5.6e-4,Mitochondrion
D3Z9K4,Plekho2,-0.02339,0.00582,Other
D3Z9R7,Stx16,-0.00663,4e-4,Nucleus
D3Z9R8,Atp5mpl,-0.00896,7.9e-4,Other
D3Z9Z9,Smarcad1,-0.00482,0.02411,Nucleus
D3ZA22,Trim47,-0.01843,0.00132,Other
D3ZA31,Mtmr2,0.00668,0.0195,Nucleus
D3ZA45,Atg13,-0.00619,0.02427,Mitochondrion
D3ZA55,Ecd,0.00188,0.01245,Other
D3ZA84,Tln2,-0.01695,0.01437,Cytoskeleton
D3ZA85,Nfu1,0.00105,-0.01948,Mitochondrion
D3ZAE6,Vasn,-0.01238,0.02007,Mitochondrion
D3ZAF6,Atp5mf,0.01941,-0.00939,Mitochondrion
D3ZAI6,Nt5dc3,0.0065,-0.0049,Mitochondrion
D3ZAL7,Gab1,-7.3e-4,-0.02146,Other
D3ZAN3,Ganab,0.01754,-0.02394,Other
D3ZAP9,Gpd1l,0.01958,-0.00191,Other
D3ZAS1,Rps2-ps42,-0.01711,0.00145,Other
D3ZAS8,Sart3,-0.01621,-0.00594,Nucleus
D3ZAS9,Ddrgk1,0.00606,0.01443,Nucleus
D3ZAT4,Serpina9,-0.00503,-0.00534,Other
D3ZAW4,Abhd4,0.00988,-0.00162,Nucleus
D3ZAX5,Cherp,-0.00314,-0.01707,Nucleus
D3ZAY8,Pnn,1.2e-4,-0.0018600000000000001,Cytoskeleton
D3ZAZ0,Eif3m,0.02746,1.9e-4,Other
D3ZAZ5,Bcar3,-0.01665,0.00446,Other
D3ZB65,Bccip,-0.00917,0.02987,Cytoskeleton
D3ZB71,Dvl2,-0.0058,-0.02704,Other
D3ZBE5,Nek7,0.02557,-0.00754,Cytoskeleton
D3ZBE8,Upf3b,-0.01119,0.00402,Nucleus
D3ZBG6,Ptrhd1,-0.01584,0.00199,Mitochondrion
D3ZBN0,H1-5,-0.0061,0.00467,Other
D3ZBN3,Epha2,0.01202,0.00728,Other
D3ZBP4,Mical1,-0.02151,-0.01666,Cytoskeleton
D3ZBQ5,Scarf2,-0.02059,0.0045,Other
D3ZC01,Rbbp5,-0.00991,-8.8e-4,Nucleus
D3ZC96,Ttc39b,-0.00985,-0.00348,Other
D3ZCG3,Mon2,0.01994,-0.00555,Other
D3ZCG4,Spag7,-0.00739,0.00912,Other
D3ZCG9,Itga3,-0.00246,-0.01606,Cytoskeleton
D3ZCH6,Rnaset2,-0.02383,0.00883,Mitochondrion
D3ZCK4,Def6,-0.00445,-0.00418,Cytoskeleton
D3ZCL3,Snrpc,-0.01033,0.02842,Nucleus
D3ZCP9,Gtf2e2,-0.00108,-0.01629,Nucleus
D3ZCT5,Pald1,0.0083,0.01583,Other
D3ZCZ9,Ndufs6,-0.0206,0.02146,Other
D3ZD05,Kank2,-0.02203,0.00267,Mitochondrion
D3ZD11,Spcs2,-0.00975,0.01419,Nucleus
D3ZD23,Abce1,0.00532,0.01225,Mitochondrion
D3ZD47,Ctif,0.01848,-0.00769,Nucleus
D3ZD72,Ncapg,0.01846,-0.02281,Nucleus
D3ZD73,Ddx6,6.2e-4,0.00887,Cytoskeleton
D3ZD83,Mfsd10,0.02618,0.01331,Cytoskeleton
D3ZD89,Naa15,0.02515,-0.00775,Nucleus
D3ZD97,Dhx15,0.01655,0.01799,Nucleus
D3ZDF3,Irag1,-0.00982,-0.0022,Nucleus
D3ZDG0,C7h8orf33,-8.4e-4,-0.00466,Other
D3ZDI5,Arhgap12,-0.01025,0.02887,Other
D3ZDI7,Ppp2r5a,0.01645,-0.0159,Cytoskeleton
D3ZDI9,Usp13,-0.00254,0.00696,Other
D3ZDK7,Pgp,0.02357,-0.00799,Other
D3ZDW3,Tsc22d2,-0.00601,0.01316,Other
D3ZE02,C1h19orf33,-0.01927,0.00484,Other
D3ZE15,Ndufa13,0.02167,0.01776,Mitochondrion
D3ZE49,Trappc12,0.00335,-0.01277,Nucleus
D3ZE59,Tmem115,-0.0128,0.01462,Other
D3ZE72,Metap1,0.02607,0.01102,Other
D3ZE91,Kctd9,-0.00693,-0.02756,Other
D3ZEB8,Rps12l7,0.02237,0.01487,Other
D3ZEF4,Cul7,0.01572,0.02004,Cytoskeleton
D3ZEH2,Foxred1,0.00393,-0.01672,Mitochondrion
D3ZEJ9,C10h17orf75,0.0017,0.01846,Other
D3ZEM8,Tsr1,-0.00679,-0.03039,Nucleus
D3ZEN0,Micall2,-0.01632,-0.00172,Cytoskeleton
D3ZER6,Tnpo2,0.01446,-0.00524,Other
D3ZES2,Trappc6b,0.02629,-0.00389,Other
D3ZF11,Lamtor5,-0.02237,0.0137,Other
D3ZF12,Spcs3,0.01592,-0.01079,Nucleus
D3ZF13,Ndufab1,-0.01672,-0.00712,Mitochondrion
D3ZF26,Tnks1bp1,-0.02807,-0.00204,Nucleus
D3ZF39,Uap1,-0.00534,0.00778,Other
D3ZF45,Larp4b,-0.0074,-0.02803,Other
D3ZF97,Erlec1,0.01568,-0.00743,Other
D3ZF99,Mrpl55,-0.00714,-0.00414,Mitochondrion
D3ZFD0,Myo18a,-0.01125,-0.01998,Cytoskeleton
D3ZFD2,Galnt2,0.00603,0.01968,Nucleus
D3ZFE9,Mrpl1,0.01319,-0.01433,Mitochondrion
D3ZFF4,Lclat1,0.00935,-0.00138,Nucleus
D3ZFJ3,Sh3bp1,-0.00122,0.01668,Other
D3ZFJ6,Lactb,0.00644,-0.03505,Mitochondrion
D3ZFK5,Spcs1,-0.0083,0.00305,Nucleus
D3ZFK6,Atg16l1,-0.00231,-0.01976,Other
D3ZFM1,Asf1a,0.01901,-0.01977,Nucleus
D3ZFP4,Mcm3,-0.00736,-0.02789,Nucleus
D3ZFQ8,Cyc1,0.0169,0.02953,Mitochondrion
D3ZFT1,Rfc1,0.00869,-0.00685,Other
D3ZFU9,Mylk,-0.02478,0.00865,Cytoskeleton
D3ZFY0,Sephs1,0.01213,0.00176,Nucleus
D3ZG07,Lsm6,0.00489,0.00631,Other
D3ZG43,Ndufs3,0.02052,-0.00937,Mitochondrion
D3ZG48,Ddx50,-0.00221,0.00506,Nucleus
D3ZG78,Zzef1,-2e-5,-0.00313,Other
D3ZG88,Znrd2,-0.01376,-0.01468,Other
D3ZGD0,Gemin5,0.01209,0.011,Nucleus
D3ZGE9,Rbm38,-0.01083,0.01633,Other
D3ZGR7,Trir,-0.00221,-0.02422,Other
D3ZGX8,Brd4,-0.01872,0.01097,Nucleus
D3ZGY1,Pym1,-0.01479,-0.01627,Nucleus
D3ZH12,Nosip,0.01339,-0.00172,Other
D3ZH39,Ephb3,0.01408,-0.00362,Other
D3ZH41,Ckap4,-0.02214,-0.01285,Nucleus
D3ZHA0,Flnc,-0.0259,6.6e-4,Other
D3ZHA1,B4gat1,0.01571,0.0019,Other
D3ZHA2,Klhl30,-9.7e-4,-0.01414,Other
D3ZHB7,Ube3c,0.02657,0.00429,Other
D3ZHC4,Hebp2,-0.00913,-0.0021,Mitochondrion
D3ZHK4,Rb1cc1,-0.01028,0.01023,Nucleus
D3ZHL6,Map4k5,-0.01031,0.01969,Other
D3ZHV2,Macf1,-0.02296,-0.01672,Cytoskeleton
D3ZHW0,Dhx29,-7.9e-4,0.00731,Other
D3ZI68,Prpf31,0.01171,-0.01879,Nucleus
D3ZIH4,Fbxo4,0.01618,0.00642,Other
D3ZII7,Yaf2,0.00201,-0.00526,Nucleus
D3ZII8,Smyd5,0.01443,0.02565,Other
D3ZIJ5,Dpm3,0.02044,0.02001,Nucleus
D3ZIK0,Glce,-0.00183,0.01341,Other
D3ZIM9,ENSRNOG00000064328,-0.02301,0.00156,Other
D3ZIN7,Mrps23,0.02212,-0.01723,Mitochondrion
D3ZIP8,Endod1,0.00662,-0.00599,Other
D3ZIT4,Anapc7,0.00298,-0.00634,Cytoskeleton
D3ZIU2,Psmg3,0.02268,-0.00581,Other
D3ZIX4,H1f10,-0.00202,-0.00925,Nucleus
D3ZJ25,Slc1a5,-0.00251,-0.02449,Other
D3ZJ32,Esyt2,0.00489,0.0076,Nucleus
D3ZJ77,Cab39,0.02668,-0.00332,Other
D3ZJ91,Ddhd2,-0.00221,-0.01465,Other
D3ZJA3,Spry4,-0.01508,0.01132,Other
D3ZJB8,Arih2,0.00313,0.01539,Other
D3ZJF7,Terf2,0.00785,0.00588,Nucleus
D3ZJG4,Pacs2,-0.00167,-0.01863,Mitochondrion
D3ZJR1,Eps15l1,-0.022,-0.00477,Other
D3ZJX5,Timm50,0.01714,0.01193,Mitochondrion
D3ZJZ0,Tmem205,0.01324,3.9e-4,Mitochondrion
D3ZK09,Scyl3,-0.00397,-0.02039,Other
D3ZK56,Rap2c,0.00178,-0.02342,Other
D3ZK73,Cul4b,0.00986,-0.0069,Nucleus
D3ZKE1,Uvrag,0.01135,0.00141,Cytoskeleton
D3ZKG1,Mmut,-0.00626,-0.01153,Mitochondrion
D3ZKQ4,Rabl6,-0.00401,0.00728,Other
D3ZKR9,Tut7,0.00373,0.00507,Other
D3ZKU7,Bloc1s1,-0.01686,-0.00735,Other
D3ZKX1,Washc3,-0.02419,0.005,Other
D3ZL11,Rbsn,-0.00988,0.00981,Other
D3ZL50,Skic3,0.0248,3.9e-4,Nucleus
D3ZL85,Hccs,-0.018,-0.00949,Mitochondrion
D3ZL95,Usp40,-0.00239,-0.0186,Other
D3ZLA3,Cpne3,0.01588,0.02317,Other
D3ZLC1,Lmnb2,0.0034,0.00634,Cytoskeleton
D3ZLC3,Itprid2,-0.01087,0.01851,Other
D3ZLD5,Golga3,-0.0038,-0.03766,Other
D3ZLM5,Nhlrc2,0.00678,0.01068,Other
D3ZLN7,Commd2,0.02181,-0.00665,Other
D3ZLS5,Hectd1,-0.0018,-0.01816,Nucleus
D3ZLT1,Ndufb7,0.00405,0.0022,Mitochondrion
D3ZLT6,Klhl31,0.00159,-0.0134,Other
D3ZLT7,2510039O18Rikl,8.6e-4,0.00293,Other
D3ZLZ7,Impdh1,-0.00538,-0.01126,Other
D3ZM03,Vma21,0.00651,-0.01837,Nucleus
D3ZM21,Comtd1,0.02562,0.0095,Mitochondrion
D3ZML4,Trabd,0.01329,-0.00393,Mitochondrion
D3ZMM8,Slc7a6,0.01121,-9.6e-4,Other
D3ZMQ3,Itga4,0.01556,-0.01149,Other
D3ZMS1,Sf3b2,-0.01205,-0.00258,Nucleus
D3ZMX6,Sntb2,-0.01368,-0.01543,Cytoskeleton
D3ZMY7,Nt5c2,0.02444,-0.00238,Other
D3ZN39,Usp8,-0.01481,-0.02361,Other
D3ZN63,Wdhd1,0.02019,0.00449,Nucleus
D3ZN95,Hcfc1,-0.02286,0.01196,Nucleus
D3ZND9,Riok3,0.00923,-0.00469,Other
D3ZNF4,Tbl1xr1,-0.01562,0.01674,Cytoskeleton
D3ZNG3,Sppl2a,-0.00138,0.01319,Nucleus
D3ZNV6,Elmod2,0.00136,0.01448,Other
D3ZNX0,Kctd3,-0.00868,-0.00165,Other
D3ZNX9,Mapk1ip1l,-0.00319,-0.02196,Other
D3ZP13,Qsox2,0.01383,-0.02212,Nucleus
D3ZP96,Mcm2,0.01386,-0.0211,Nucleus
D3ZP98,Hm13,0.02585,-0.00644,Nucleus
D3ZPA1,Gcc1,-0.01811,-0.00303,Other
D3ZPF2,Mcat,-0.00276,-0.02607,Mitochondrion
D3ZPL1,Cpsf6,-8e-5,-0.02209,Nucleus
D3ZPM7,Adam19,0.0224,0.00838,Other
D3ZPN7,LOC134480579,-0.02106,-0.00486,Other
D3ZPP2,Arl8a,0.02215,0.00482,Cytoskeleton
D3ZPP9,Card19,0.00904,0.00798,Mitochondrion
D3ZPW7,Gpx8,0.00158,0.01192,Other
D3ZQ25,Fbln1,-0.01914,0.02327,Other
D3ZQ77,C10h5orf15,0.01584,-0.0181,Other
D3ZQ80,Smg8,-0.00283,-0.00417,Other
D3ZQ82,Rfx1,-0.0058,0.00751,Nucleus
D3ZQ91,Rpa3l1,-0.00933,0.00718,Other
D3ZQB6,Hdhd5,-0.00538,-0.02447,Mitochondrion
D3ZQE8,Xpo5,0.0182,0.00846,Other
D3ZQG6,Trim2,-0.00736,0.01008,Other
D3ZQI4,Zfand1,-0.00487,0.00922,Other
D3ZQI7,Zbtb47,0.01369,-0.01338,Other
D3ZQL1,Emc7,-0.0065,-0.00195,Nucleus
D3ZQL6,Micall1,-0.01136,0.01905,Cytoskeleton
D3ZQM0,Sf3a1,-0.00574,-0.00274,Nucleus
D3ZQN7,Lamb1,-0.01799,0.01279,Nucleus
D3ZQQ1,Aftph,-0.00188,-0.00379,Nucleus
D3ZQY4,Fryl,-3.8e-4,-0.01474,Other
D3ZR49,Man1a2,-0.00794,0.02003,Other
D3ZRC3,Rbm26,0.01381,0.00271,Other
D3ZRC4,Pnpla8,-0.01543,0.00252,Mitochondrion
D3ZRD3,Pde6d,-0.00621,-0.00544,Other
D3ZRD9,Aif1l,-0.00791,-0.0056,Cytoskeleton
D3ZRH1,Oxa1l,0.02289,0.00386,Mitochondrion
D3ZRM0,Styxl2,0.00158,0.03198,Other
D3ZRM3,Chsy1,0.00159,0.00468,Other
D3ZRM5,Rab23,0.02276,-0.00865,Other
D3ZRN3,Actbl2,0.01581,-0.00103,Cytoskeleton
D3ZRN5,Ro60,0.01545,0.0143,Other
D3ZS58,Ndufa2,-0.00508,-0.01135,Mitochondrion
D3ZS59,Fbxl22,0.01807,0.02275,Other
D3ZSA9,Nomo1,0.00903,0.00367,Nucleus
D3ZSC1,Susd5,-0.02193,-0.00947,Other
D3ZSK5,Setd6,0.00862,-0.00526,Other
D3ZSM9,Brat1,0.01189,-0.00559,Other
D3ZSP1,Snrpe,0.02676,0.00939,Nucleus
D3ZSR7,Ccdc102a,-0.01326,-0.00199,Cytoskeleton
D3ZSU7,Mien1,0.00574,0.01854,Mitochondrion
D3ZSV1,Ift20,0.00471,-0.02518,Cytoskeleton
D3ZSY8,Tbc1d10b,0.02026,0.00105,Other
D3ZT01,Cog2,0.00849,0.00978,Other
D3ZT37,Tceal7,-0.00221,-0.00371,Other
D3ZT47,Fam171a2,-0.00802,-0.01813,Other
D3ZT64,Atg2a,-0.00702,-0.00204,Nucleus
D3ZT71,Bcl2l13,-0.00136,0.00256,Mitochondrion
D3ZT98,Bola3,0.01691,0.02148,Mitochondrion
D3ZTB4,Vps11,-0.00457,3.1e-4,Other
D3ZTF6,Pik3c2a,0.00437,0.01186,Other
D3ZTJ0,Rp2,0.01609,0.0168,Cytoskeleton
D3ZTN2,Cmc1,-0.01061,0.02323,Mitochondrion
D3ZTR5,Zbed5,-0.01805,0.01634,Other
D3ZTT7,Sun2,0.00145,0.01225,Cytoskeleton
D3ZTW8,Mrpl27,0.003,0.0112,Mitochondrion
D3ZTW9,Exog,0.01335,0.01433,Mitochondrion
D3ZTX0,Tmed7,0.02791,-0.00348,Nucleus
D3ZTY0,Cnih4,0.02566,0.01456,Nucleus
D3ZU13,Eif4g1,-0.01781,0.00109,Other
D3ZU48,Klhdc4,0.01928,0.00164,Other
D3ZU52,Cops7b,0.01628,-0.01181,Nucleus
D3ZU54,Denr,-0.02145,0.01119,Other
D3ZU55,Foxk1,0.00696,0.02946,Nucleus
D3ZU63,Stard13,-0.00525,-0.03432,Mitochondrion
D3ZU83,Ergic3,5.3e-4,0.01431,Nucleus
D3ZU88,C13h1orf21,-0.00738,0.0013,Other
D3ZUB0,Rcn1,-0.02833,0.00262,Other
D3ZUB7,Anapc4,0.01558,0.00872,Nucleus
D3ZUC2,Mov10,-0.00147,-0.00104,Other
D3ZUD8,Tm9sf3,0.02129,0.01705,Other
D3ZUI1,Apip,-0.01202,-0.00529,Other
D3ZUI5,Cobl,-0.0058,0.02183,Cytoskeleton
D3ZUJ8,Tmtc3,-0.0047,-0.0168,Other
D3ZUJ9,Snx8,0.00828,0.00456,Other
D3ZUL1,Ccdc124,-0.00727,0.00331,Cytoskeleton
D3ZUM4,Glb1,0.02029,-0.00946,Nucleus
D3ZUN5,Pofut2,0.02328,0.01004,Nucleus
D3ZUP5,Brk1,-0.00376,-0.01904,Other
D3ZUP8,Lmbrd2,-0.00461,-0.00768,Other
D3ZUQ0,Rilpl1,-0.01374,0.01709,Cytoskeleton
D3ZUT9,Ints3,0.00448,0.01197,Nucleus
D3ZUU5,Dnajb1,0.01069,-0.02121,Nucleus
D3ZUV2,Mib1,-0.01824,-0.00322,Cytoskeleton
D3ZUV9,Cnot3,-0.01944,-0.00506,Other
D3ZUW6,Ube2c,-0.00108,0.00237,Nucleus
D3ZUX7,Acsf3,-0.00429,-0.02164,Mitochondrion
D3ZUY0,Rdh14,-0.00895,0.00666,Mitochondrion
D3ZUY8,Ap2a1,0.01995,0.01669,Cytoskeleton
D3ZUZ4,Fam20b,0.00124,-0.01696,Other
D3ZV75,Mfsd1,-0.01658,0.01367,Other
D3ZV81,Heatr3,0.00958,-0.00168,Other
D3ZVF4,Trappc2b,0.00564,0.0099,Other
D3ZVN7,Ppox,-0.00314,-0.01757,Mitochondrion
D3ZVQ0,Usp5,-0.01977,-0.00501,Other
D3ZVR9,Pgm5,0.01571,0.01685,Cytoskeleton
D3ZVS2,L2hgdh,-4.3e-4,-0.00323,Mitochondrion
D3ZW49,Tmem9b,-0.01059,0.0027,Other
D3ZW55,Itpa,0.01366,0.00258,Other
D3ZW58,Golm2,0.01292,-0.02279,Other
D3ZW90,Rhobtb3,-0.0087,0.00897,Other
D3ZWA8,Appl1,0.00782,-0.02582,Other
D3ZWC6,Sntb1,0.00599,-0.00905,Other
D3ZWD1,Lrch3,0.00977,7.4e-4,Other
D3ZWF5,Eny2,-0.00247,-0.00317,Nucleus
D3ZWG9,Ptar1,0.00993,0.01147,Mitochondrion
D3ZWS2,C1h19orf12,0.02597,0.00371,Other
D3ZWS6,Naa30,-0.01244,-0.00972,Other
D3ZWT2,Fitm2,-0.00438,-0.01019,Nucleus
D3ZWU1,Brd3,-0.01429,-0.02738,Nucleus
D3ZWZ6,Igf2bp2,0.02046,-0.01174,Other
D3ZWZ9,Gpr107,-0.002,-0.02148,Other
D3ZX38,Pfdn1,-0.02312,-0.00537,Other
D3ZX42,Rabgap1,-0.01641,0.01139,Cytoskeleton
D3ZX63,Wdr54,-0.0018,0.00245,Other
D3ZXD0,Grem2,-0.00154,-0.01039,Other
D3ZXD8,Tmem245,-0.00926,0.00314,Other
D3ZXF8,Mrpl43,0.00508,0.00192,Mitochondrion
D3ZXF9,Mrpl12,-0.01181,-0.01222,Mitochondrion
D3ZXJ5,Efl1,-0.01633,0.00102,Other
D3ZXT2,Stag2,-2.4e-4,-2.7e-4,Cytoskeleton
D3ZXY2,Pdzd8,-0.00855,-0.00728,Mitochondrion
D3ZY02,Pgghg,0.00916,-0.0212,Other
D3ZY17,Rps6ka5,-0.00811,-2.1e-4,Other
D3ZY47,C19h1orf198,-0.00896,0.03338,Other
D3ZY51,Pkp1,-0.00112,-0.01463,Cytoskeleton
D3ZYK9,Npm3,0.00812,0.01425,Nucleus
D3ZYM7,Lyrm4,0.02641,0.00232,Mitochondrion
D3ZYQ3,Tnfaip2,-0.00423,0.02033,Other
D3ZYQ9,Rnf20,-0.0018,-0.00155,Nucleus
D3ZYR1,Fcho2,-0.00294,-0.0135,Other
D3ZYS7,G3bp1,-0.014,0.00994,Other
D3ZYT2,Mrps5,-0.01006,-0.00531,Mitochondrion
D3ZYT8,Pikfyve,0.00767,-0.01308,Other
D3ZZ04,Mettl9,0.00525,0.0164,Mitochondrion
D3ZZ38,Snx18,0.00248,-0.01905,Other
D3ZZ46,Cln6,-0.01885,-5.1e-4,Nucleus
D3ZZ51,Prrc2b,-0.00603,0.00391,Other
D3ZZ80,Obsl1,0.02184,0.0157,Cytoskeleton
D3ZZA1,Ftsj1,0.0128,-0.02959,Other
D3ZZA8,Sec24a,0.01913,-0.00283,Nucleus
D3ZZC3,Klhl22,0.0194,0.00948,Cytoskeleton
D3ZZC5,Tradd,0.01844,0.01641,Other
D3ZZL3,Naglu,0.01179,0.00656,Other
D3ZZL9,Gcc2,-0.02225,0.00126,Other
D3ZZM3,Cog4,0.01917,0.00483,Other
D3ZZR5,Snrpa1,-0.0119,-0.01723,Nucleus
D3ZZR9,Fkbp2,-0.00589,-0.02045,Nucleus
D4A031,Ddx42,-0.02278,0.00777,Nucleus
D4A060,Snx30,-0.00396,-0.01478,Other
D4A081,Setdb1,0.00671,0.00453,Nucleus
D4A099,Nsun4,0.0082,0.01579,Mitochondrion
D4A0C3,Hid1,-0.01658,0.01134,Cytoskeleton
D4A0E2,Napg,-0.01816,-0.01134,Mitochondrion
D4A0E8,Prmt5,0.00516,0.0228,Nucleus
D4A0G9,Ercc6l,0.01121,-0.00854,Nucleus
D4A0H4,Cul2,0.01382,0.01919,Nucleus
D4A0T0,Ndufb10,0.0148,-0.0027,Mitochondrion
D4A0T8,Dhrs7,0.02061,-1.7e-4,Nucleus
D4A0U9,Msh6,-0.00365,0.00657,Nucleus
D4A0W1,Emc4,-0.01192,0.00156,Nucleus
D4A0Z1,Tspan14,0.01271,0.00549,Other
D4A104,Mrpl45,0.00228,0.01238,Mitochondrion
D4A105,Tmem63b,0.0037200000000000002,0.01654,Cytoskeleton
D4A131,Mrpl4,-0.00412,0.00676,Mitochondrion
D4A1B2,Arpin,-0.01441,-0.01179,Other
D4A1C5,Spc24,-0.01521,-0.00338,Nucleus
D4A1D3,Sacs,0.006,-0.02183,Mitochondrion
D4A1D4,Nudt14,0.0129,-0.01866,Other
D4A1F2,Mical2,-0.00719,4.3e-4,Other
D4A1G8,Cep170b,-0.01167,8.2e-4,Cytoskeleton
D4A1J4,Bdh2,0.00133,-0.01598,Mitochondrion
D4A1Q9,Ttll12,0.02128,-0.01804,Cytoskeleton
D4A1R8,Cpne1,0.01221,0.00187,Nucleus
D4A1Y0,Scyl2,-0.00891,-0.01685,Other
D4A206,Tcof1,0.00574,-0.00779,Nucleus
D4A208,Srgap2,-0.00169,-0.0226,Other
D4A218,Dmrt3,3.6e-4,-0.01849,Nucleus
D4A264,Ptgr3,-0.0021,0.00503,Mitochondrion
D4A2D7,Ipo4,-0.00242,-0.00432,Nucleus
D4A2F6,Nhlrc3,-0.00133,0.00104,Other
D4A2G9,Ranbp1,-0.02802,-0.00204,Nucleus
D4A2H2,Sptlc1,0.01098,0.00548,Nucleus
D4A2V6,Jsrp1,-0.01103,0.00459,Nucleus
D4A2Y9,Pex13,0.02379,-0.0065,Other
D4A2Z8,Dhx36,-0.01939,0.00847,Mitochondrion
D4A305,Mix23,-0.01172,-0.00267,Mitochondrion
D4A3C2,6430548M08Rikl,0.00406,-0.01712,Other
D4A3D2,Smyd1,-2.8e-4,-0.00641,Other
D4A3E2,Npepl1,0.02153,0.01586,Other
D4A3E8,Mrps27,-0.00474,0.01705,Mitochondrion
D4A3I4,Btf3l4,-0.01104,0.01486,Other
D4A3I5,Fhip2a,0.01881,-0.00821,Other
D4A3M8,Nck2,0.01674,-0.0282,Other
D4A3P1,Ubqln4,-0.00508,-0.00243,Nucleus
D4A3S6,Mtss2,-0.00325,0.0246,Cytoskeleton
D4A3S8,Nsun2,0.01348,-0.01168,Mitochondrion
D4A3T0,Sos1,-2.7e-4,0.01745,Other
D4A3T3,Cbx1,-0.01998,0.00855,Cytoskeleton
D4A3T4,Zfyve1,-0.00643,0.03277,Mitochondrion
D4A3V2,Ndufa6,0.02625,-0.00444,Mitochondrion
D4A3V3,Parp12,0.0043,7.8e-4,Other
D4A3X7,Snx33,0.01771,0.02458,Other
D4A414,Cox15,0.01071,0.0048,Mitochondrion
D4A415,Abraxas2,-0.02086,-0.01685,Cytoskeleton
D4A416,Clptm1l,0.00365,0.01037,Nucleus
D4A453,Cdc34,-0.00698,0.02083,Nucleus
D4A471,Cmc2,-0.00586,0.00156,Mitochondrion
D4A4A9,Mrpl19,0.01876,-0.00634,Mitochondrion
D4A4H5,Sdf2,-0.01189,0.02812,Other
D4A4J0,Supt16h,0.00541,5e-4,Nucleus
D4A4L2,Ccdc97,0.00234,-0.00907,Other
D4A4Q3,Ypel5,0.02344,-0.00669,Cytoskeleton
D4A4R1,Eml3,0.00458,0.00567,Cytoskeleton
D4A4T9,Chordc1,-0.02095,0.00405,Other
D4A4U3,Mdp1,-0.01145,0.00726,Other
D4A4W6,Slirp,-0.00377,0.01609,Mitochondrion
D4A4Y9,Fmn1,-0.01006,0.00463,Cytoskeleton
D4A510,Smarcc2,0.00619,0.00381,Nucleus
D4A511,Srp9,0.008,0.01786,Nucleus
D4A520,Pptc7,0.01117,-0.01393,Mitochondrion
D4A563,Peak1,0.00666,-0.00831,Cytoskeleton
D4A565,Ndufb5,0.02059,-0.00666,Mitochondrion
D4A567,Bub3,0.02125,0.00696,Nucleus
D4A5A6,Polr2a,-3.6e-4,-0.00423,Nucleus
D4A5C0,Nectin3,-0.00816,0.00472,Other
D4A5I4,Nav1,-0.00923,0.0049,Cytoskeleton
D4A5K6,Zmpste24,-0.00259,0.01767,Nucleus
D4A5Q2,Smc2,0.00381,-0.01494,Nucleus
D4A5S9,Prpf39,0.01509,-0.0232,Nucleus
D4A5T1,Sf3b5,-0.006,0.00219,Nucleus
D4A5W8,Pgs1,9e-4,0.00494,Mitochondrion
D4A5X1,Stim2,1.2e-4,0.01328,Nucleus
D4A5Y6,Naa50,0.02608,-0.01122,Nucleus
D4A5Z0,Csgalnact2,-0.00899,-0.01804,Other
D4A631,Arfgef1,-0.00843,-0.01881,Nucleus
D4A651,Pms1,0.00373,0.01443,Nucleus
D4A6D9,Hs1bp3,-0.01383,0.00324,Mitochondrion
D4A6K4,Golga1,-0.01214,-0.00299,Nucleus
D4A702,Synpo2,-0.01995,0.01823,Cytoskeleton
D4A719,Snx12,-0.01587,-0.01024,Other
D4A742,Romo1,0.01727,0.01691,Mitochondrion
D4A777,Fam114a1,-0.02653,-0.01129,Other
D4A779,Phldb2,-0.0187,-0.00882,Cytoskeleton
D4A7D3,Tbk1,0.00539,-0.02173,Other
D4A7D7,H6pd,-0.00176,0.01858,Other
D4A7F0,Ubr3,0.0122,-0.01278,Other
D4A7G9,C5h1orf50,0.0053,-0.00179,Other
D4A7H9,Chmp7,-0.00989,-0.02153,Cytoskeleton
D4A7I6,Washc4,0.01645,0.00997,Other
D4A7I8,Sumf1,-0.01138,0.00416,Other
D4A7J8,Prpf4,0.00703,-0.00511,Nucleus
D4A7L4,Ndufb11,-0.01512,-0.01145,Mitochondrion
D4A7N1,Chchd6,-0.01442,0.01003,Mitochondrion
D4A7U1,Zyx,-0.02215,0.02079,Cytoskeleton
D4A7U6,Lsm3,0.01914,0.00116,Nucleus
D4A7V9,Eif2ak4,-0.00297,0.01874,Other
D4A7X1,Mrps16,-0.006,-0.02077,Mitochondrion
D4A7Z5,Diablol1,-0.01887,-0.00796,Other
D4A833,Mrps30,0.01283,-0.00521,Mitochondrion
D4A853,Cic,-0.01565,0.0033,Nucleus
D4A857,Ipo9,0.00429,-0.00273,Nucleus
D4A8E7,Commd6,0.00214,7.5e-4,Other
D4A8G7,Snw1,-0.01063,0.02096,Nucleus
D4A8H3,Uba6,0.01066,-0.00208,Other
D4A8H5,Ppp4r2,-0.0156,-0.00948,Cytoskeleton
D4A8N0,Fam111a,-0.01098,0.01894,Nucleus
D4A8N1,Dpm1,-8.7e-4,0.0239,Nucleus
D4A8U9,Unc45b,-0.00346,-0.00951,Nucleus
D4A8X8,Cttnbp2nl,-0.02,-0.00954,Cytoskeleton
D4A900,Filip1l,-0.02081,-0.01307,Cytoskeleton
D4A914,Xrn2,-0.01945,0.02134,Nucleus
D4A962,Hnrnpul1,1.9e-4,0.00598,Other
D4A994,Emc1,0.01939,-0.00768,Nucleus
D4A997,Htatsf1,-0.01522,0.00733,Nucleus
D4A9D8,Osbp,-0.00918,0.01095,Nucleus
D4A9L2,Srsf1,-0.01119,0.02649,Nucleus
D4A9N5,Trim25,-0.00122,0.00881,Other
D4A9T2,Twsg1,-0.00578,0.02084,Cytoskeleton
D4A9W3,Dglucy,-0.00532,-0.02292,Mitochondrion
D4A9Y0,Sdf2l1,-0.0135,0.00802,Other
D4A9Y2,Fam241a,0.00884,0.01315,Other
D4AA31,Prcp,-0.00289,0.00838,Other
D4AA43,Klhl40,0.00381,-0.03017,Other
D4AA63,Ubqln2,0.0119,-0.00854,Other
D4AAH9,Tbc1d23,0.00912,0.01085,Other
D4AAM0,Tnpo3,0.02097,0.01441,Nucleus
D4AAM1,C1h11orf98,0.00745,-0.01146,Other
D4AAT4,Snrpf,0.0194,0.01133,Nucleus
D4AAT7,Naxd,0.01307,-0.00944,Mitochondrion
D4AAU6,Ccdc25,0.01365,-0.02164,Other
D4AAV9,Tspan9,-0.01298,0.01152,Other
D4AAY6,Rpl27al7,-0.00775,0.02113,Other
D4AAZ8,Irf2bp1,-0.01448,0.01374,Other
D4AB01,Hint2,-0.0084,-0.024140000000000002,Mitochondrion
D4AB03,Fam120a,-0.02643,0.01276,Other
D4AB06,Haus5,0.0015,-0.01811,Cytoskeleton
D4AB17,Pfas,-0.00231,0.02138,Other
D4AB50,Arhgap10,0.00453,-0.02887,Nucleus
D4ABI7,Hacd3,0.00425,0.00298,Nucleus
D4ABK7,Hnrnph3,-0.00656,0.008,Nucleus
D4ABN8,Xrn1,-0.00436,0.01856,Other
D4ABT8,Hnrnpul2,-0.00139,0.00723,Other
D4ABV0,Smim26,-0.00783,0.01296,Mitochondrion
D4ABX9,Emc6,0.00827,0.00755,Nucleus
D4ABY2,Copg2,0.00305,0.02579,Nucleus
D4AC36,Eif3f,0.02648,-0.00811,Other
D4AC65,Coa7,-0.01464,0.00623,Mitochondrion
D4ACB8,Cct8,0.0171,-0.01304,Cytoskeleton
D4ACG2,Ilvbl,0.00142,0.01051,Nucleus
D4ACK1,Nup214,-0.0227,-0.00923,Nucleus
D4ACM1,Elp3,-0.00472,-0.014,Nucleus
D4ACM2,Mad2l1,0.01375,-3.8e-4,Cytoskeleton
D4ACM8,Fzd7,0.00557,0.00491,Other
D4ACN6,Cert1,-0.00507,0.02584,Mitochondrion
D4ACN8,Plgrkt,0.00685,0.02345,Mitochondrion
D4ACS3,Mb21d2,0.01114,-0.01151,Other
D4ACT4,Ankrd52,0.0051,-0.01288,Other
D4ACV0,Nelfb,0.01005,-0.01253,Nucleus
D4ACW1,Nop2,-0.00415,0.00509,Nucleus
D4ACY1,Uqcc4,-0.00571,0.03265,Other
D4AD29,Lamtor4,0.00183,-0.00884,Other
D4AD33,Ramac,0.00492,0.00788,Nucleus
D4AD37,Bpnt2,0.01226,-0.03306,Other
D4ADB4,Cggbp1,0.00706,0.01242,Other
D4ADD7,Glrx5,-0.01609,0.00941,Mitochondrion
D4ADE5,Setd7,-0.01423,0.00641,Nucleus
D4ADE8,Ddx3x,-0.02544,-5e-4,Mitochondrion
D4ADF5,Pdcd5,-0.02581,0.00202,Other
D4ADF6,Zfyve16,-0.01887,0.01531,Other
D4ADI6,Dynlt2b,-0.00774,0.00935,Cytoskeleton
D4ADM8,Rhod,0.01041,-0.00831,Mitochondrion
D4ADR5,Chpf2,-0.0131,-0.02041,Other
D4ADS6,Ints7,0.00899,0.01029,Nucleus
D4ADS9,Efr3a,0.00169,0.00844,Other
D4ADV8,Dvl3,0.00941,-0.02015,Nucleus
D4ADZ9,Pus7,0.01587,0.01436,Other
D4AE02,Fam98b,0.01561,-0.00826,Other
D4AE17,Map3k20,0.01575,0.0076,Other
D4AE24,Rps6kb2,-0.00477,0.00253,Other
D4AE56,Ptges2,0.01755,-0.01083,Mitochondrion
D4AE59,Stk11,-0.0093,-0.00313,Mitochondrion
D4AE75,Pop1,-0.00919,-0.02019,Nucleus
D4AE80,Dcp1a,-0.00111,-0.01864,Other
D4AE96,Ipo7,0.01771,0.00735,Nucleus
D4AE98,Exosc8,0.00618,-0.02087,Nucleus
D4AEC2,Camsap2,-0.00317,-0.00111,Cytoskeleton
D4AED2,Dda1,-0.00737,-0.02454,Other
D4AEE9,Elof1,0.01107,0.02013,Nucleus
D4AEG3,Ppil4,-0.00796,-0.01394,Nucleus
D4AEG7,Tbc1d13,0.02213,0.00338,Other
D4AEH3,Psmd7,0.00294,-0.02082,Other
D4AEH9,Agl,0.01434,-0.00633,Nucleus
D4AEJ0,Nap1l6,-0.02325,0.00146,Other
D4AEJ5,Wwc2,0.00608,0.00137,Other
D4AEK9,Ccdc6,-0.00103,-0.02355,Other
D4AEL3,Dmac1,-0.00461,-0.01463,Mitochondrion
D4AEP0,Adss2,-0.00296,-0.02754,Other
D5MTG9,Ubr1,0.00659,-0.00724,Other
E9PSJ3,Kif4a,0.00446,0.00854,Cytoskeleton
E9PST5,Acin1,-0.0033,-0.00769,Nucleus
E9PSY2,Mageb1,0.00933,-0.01925,Other
E9PT04,Vps39,0.00445,0.02923,Other
E9PT11,Cbx6,-0.0056,-6.6e-4,Nucleus
E9PT20,Abl1,-0.01315,-0.01625,Mitochondrion
E9PT23,Slc38a10,-0.01298,-0.01025,Other
E9PT29,Ddx17,-0.02177,0.00288,Nucleus
E9PT51,Poldip2,0.00382,-0.01446,Mitochondrion
E9PT53,Wfs1,-0.00429,0.02784,Nucleus
E9PT59,Arhgef5,0.00215,-0.02639,Cytoskeleton
E9PT66,Sf3b3,0.01375,0.01311,Nucleus
E9PT85,Xrcc6,0.00248,0.00655,Nucleus
E9PT90,Spart,0.00735,0.01222,Mitochondrion
E9PTG1,Smarca2,-0.00945,0.00414,Nucleus
E9PTG8,Stk10,-0.00383,0.00457,Other
E9PTI6,Raly,0.00316,0.00832,Nucleus
E9PTX9,Slc12a2,-0.02207,-0.01666,Other
E9PU01,Chd4,0.00203,-0.01095,Cytoskeleton
E9PU28,Impdh2,0.01853,-0.00468,Other
E9PU29,Rnf31,-0.00735,0.00354,Other
E9PU37,Zdhhc13,0.01829,0.00785,Other
E9PU42,Vps26c,4.9e-4,0.01578,Other
F1LM37,Sf1,-0.02552,0.01119,Nucleus
F1LM55,Ccar2,5.4e-4,0.0058,Mitochondrion
F1LM66,Eftud2,0.01109,-0.00755,Nucleus
F1LM93,Yes1,-5.2e-4,0.00804,Cytoskeleton
F1LMA5,Fv1,-0.0189,-0.00934,Other
F1LMA9,Znfx1,-0.00487,-0.00679,Mitochondrion
F1LML7,Hip1r,-0.0098,-0.02064,Mitochondrion
F1LMQ3,Psmd8,0.02242,-0.01454,Other
F1LMZ8,Psmd11,0.02565,-0.00902,Other
F1LN92,Afg3l2,-0.0037200000000000002,0.00413,Mitochondrion
F1LNF3,Nfxl1,4.1e-4,-1.8e-4,Nucleus
F1LNI5,Ppm1g,-0.02419,-0.002,Other
F1LNJ2,Snrnp200,0.00434,0.00403,Nucleus
F1LNR1,Clasp1,0.00188,-0.01405,Cytoskeleton
F1LP64,Trip12,-0.00647,-0.0101,Nucleus
F1LP90,Mink1,-0.01631,-0.00977,Other
F1LPC5,Tmem259,-0.0015,0.01275,Nucleus
F1LPQ2,Ascc3,-1.3e-4,0.01941,Nucleus
F1LPV0,Nars1,-0.01694,0.02589,Other
F1LQ48,Hnrnpl,-8.7e-4,0.01024,Nucleus
F1LQJ7,Pck2,-0.00371,-0.01172,Mitochondrion
F1LQN1,Galnt16,-0.0043,0.0104,Other
F1LR10,Lima1,-0.00557,0.00489,Cytoskeleton
F1LR36,Supt6h,-0.00219,-0.00507,Nucleus
F1LR42,Rufy1,0.00893,-1.8e-4,Other
F1LRC6,Nup188,-0.01241,0.00155,Nucleus
F1LRE5,Osbpl9,0.00617,-0.02038,Other
F1LRI5,Gcn1,0.02226,0.00946,Other
F1LRL4,Tbc1d9b,0.00671,-0.00165,Other
F1LRS8,Cd2ap,-0.01688,-0.01124,Cytoskeleton
F1LS35,Hps5,0.00764,-8.3e-4,Other
F1LS86,Iars1,0.02062,0.01261,Other
F1LSG8,Vps50,0.00577,0.01766,Nucleus
F1LSH0,Sympk,-0.01476,-0.00915,Nucleus
F1LSM0,Usp24,-0.00178,-0.0064,Other
F1LT49,Lrrc47,-0.02463,0.00164,Other
F1LT70,Pank2,0.00622,-0.00465,Mitochondrion
F1LTR1,Wdr26,0.01662,0.00833,Mitochondrion
F1LTZ2,Selenon,0.0097,-0.00779,Mitochondrion
F1LU69,Rps27a-ps28,-0.00127,0.01181,Other
F1LU71,Auh,0.01938,0.00407,Mitochondrion
F1LUD9,Lrrc20,-0.00613,-0.01423,Other
F1LV52,Gpatch11,-0.00496,-0.00312,Nucleus
F1LVF9,Ubtd2,-0.0081,0.01662,Other
F1LVL2,Icoslg,0.00337,-0.01575,Other
F1LVV4,Rcc2,-0.01997,0.0191,Cytoskeleton
F1LVX1,Dnajc1,-0.00453,-0.03391,Nucleus
F1LVX2,Ehbp1,-0.00299,-0.02093,Other
F1LVZ9,Hectd3,-0.00188,0.01078,Nucleus
F1LW07,Ppp1r13l,-0.01351,-0.01009,Other
F1LW16,Btaf1,-0.00405,-2e-4,Other
F1LW77,Rab33b,0.01227,-0.0209,Other
F1LW91,Numa1,-0.00231,0.00805,Cytoskeleton
F1LWB9,Ankrd50,-0.0047,-0.02384,Other
F1LWG4,Ndufaf1,0.00539,-0.01937,Mitochondrion
F1LWN1,Ncoa7,-0.0083,0.01441,Other
F1LX07,Slc25a12,0.02671,0.00219,Mitochondrion
F1LX68,Spats2,-0.0184,0.004,Other
F1LXA0,Ndufa12,0.0048,-0.01808,Mitochondrion
F1LXP8,Arhgap18,-0.00637,0.00717,Cytoskeleton
F1LYI7,Tmem256,0.00544,-0.00958,Mitochondrion
F1LYQ8,Farp1,-0.0228,-0.00359,Cytoskeleton
F1LYZ8,Ppp1r21,0.0045,-0.02879,Other
F1LZB0,R3hcc1,-8.1e-4,-0.01265,Other
F1LZJ4,Hyi,-0.01411,0.00453,Other
F1LZW6,Slc25a13,-0.0013,0.00934,Mitochondrion
F1LZX9,Itgav,-0.01908,-0.01473,Cytoskeleton
F1M086,Elp4,0.00108,-0.01076,Nucleus
F1M0U5,Nbas,0.02209,-0.0036,Nucleus
F1M0Z1,Trio,0.00598,0.00409,Other
F1M1H0,Dera,0.02309,0.00881,Other
F1M2S2,Dnajc24,-0.00927,0.01253,Cytoskeleton
F1M332,Arhgap28,0.00226,0.02659,Other
F1M3G7,Akap13,-0.01453,-0.02086,Cytoskeleton
F1M3L7,Eps8,0.01277,-0.01824,Cytoskeleton
F1M471,Epm2aip1,0.00979,0.01541,Nucleus
F1M4I4,Vps51,0.00465,0.02525,Other
F1M4Q3,Hmcn1,-0.01092,9.7e-4,Other
F1M4W7,Cstf3,-0.00843,0.0112,Nucleus
F1M589,Pml,0.01621,-0.01049,Nucleus
F1M5H6,Tp53bp2,-0.00822,-0.00276,Nucleus
F1M5K2,Wdr62,-0.00298,0.01436,Cytoskeleton
F1M5N3,Ank2,-0.02327,0.00553,Mitochondrion
F1M5Q4,Fbn2,0.00308,0.00545,Other
F1M5R1,Rel,-0.00724,0.00493,Nucleus
F1M5V7,Mex3d,-0.00628,-0.026,Nucleus
F1M656,Tulp3,-0.01146,0.01407,Nucleus
F1M6D0,Mrps6,-0.00707,-0.02431,Mitochondrion
F1M6I7,Psma8,0.02587,-0.00841,Other
F1M6Q3,Col4a2,0.00266,0.02635,Other
F1M754,Map4k4,-0.00594,-0.01337,Other
F1M775,Diaph1,0.00441,0.01002,Cytoskeleton
F1M798,Bmp1,-0.00888,0.0146,Other
F1M7T1,Ndufb4l4,0.00951,0.01598,Other
F1M7Y5,Prkci,-0.01442,0.00632,Cytoskeleton
F1M7Z1,Edc3,-0.01455,0.00787,Other
F1M801,Anapc1,-0.01537,0.0214,Nucleus
F1M853,Rrbp1,-0.02712,-0.01444,Nucleus
F1M8A9,Ptrh1,-0.01042,0.0162,Mitochondrion
F1M8B7,Chmp2b,-0.01104,0.01347,Cytoskeleton
F1M8K0,Dag1,-0.02238,-0.00797,Cytoskeleton
F1M8L9,Rapgef1,-0.00743,-0.01875,Other
F1M8X9,Gbf1,0.01834,0.01234,Other
F1M943,Armc8,0.01272,-0.02305,Other
F1M9B2,Igfbp7,-0.01651,-0.0135,Other
F1M9D6,Stat1,-0.02222,-0.00904,Nucleus
F1M9Q3,Ltn1,0.01587,6.8e-4,Other
F1M9V7,Npepps,0.0212,-0.01579,Other
F1M9W9,Trappc8,0.0074400000000000004,0.00845,Other
F1MA59,Col4a1,0.01283,0.01222,Other
F1MA87,Cdk6,0.02116,0.00871,Cytoskeleton
F1MA98,Tpr,0.00357,-0.02291,Cytoskeleton
F1MAA5,Rangap1,0.0197,-0.01823,Cytoskeleton
F1MAA7,Lamc1,-0.00675,0.00979,Other
F1MAF2,Akap17a,-0.00521,0.00572,Nucleus
F1MAF8,Atg2b,1.6e-4,0.00616,Nucleus
F1MAG8,Sema3d,6.4e-4,-0.00353,Other
F1MAH5,Ppp6r3,-0.01028,-0.01432,Other
F1MAH6,Cdh11,-0.01858,-0.01448,Other
F1MAM8,Ddx20,-0.01205,-0.00231,Nucleus
F1MAN8,Lama5,-0.01226,0.00943,Other
F1MAQ4,Trappc10,0.00674,-0.0106,Other
F1MAQ7,Son,0.00284,0.00342,Nucleus
F2Z3T4,Mbnl2,-0.01893,0.02527,Other
F2Z3T9,U2af2,0.01637,0.00781,Nucleus
F6PU86,Rtca,0.01983,-0.00717,Other
F6Q5K7,Mrps18b,0.0171,-0.01193,Mitochondrion
F7EK08,Usp14,0.0161,-0.01205,Other
F7EK71,Rad21,-4.5e-4,0.00722,Cytoskeleton
F7ELE5,Ndufs7,-0.01062,0.00966,Mitochondrion
F7EMB2,Rtraf,0.02232,0.00305,Cytoskeleton
F7ENB2,Snx2,0.00969,-0.02763,Other
F7EPZ4,Dis3,0.01445,-0.0081,Nucleus
F7ESS4,Tspan6,0.02135,0.01879,Other
F7ET11,Klc2,-0.00847,0.02701,Cytoskeleton
F7ETC0,Smpd1,0.01803,0.0143,Other
F7ETS0,Acot9,0.00642,7.3e-4,Mitochondrion
F7EUL0,Atp6v1d,-0.01863,-0.00786,Cytoskeleton
F7EUU4,Cops5,-0.00245,-0.01917,Nucleus
F7EVW7,Gpaa1,-0.00114,-0.01408,Nucleus
F7EVZ0,Col5a3,-0.01222,0.00743,Other
F7EW23,Mrpl47,-0.00954,-0.00447,Mitochondrion
F7EWC1,Vasp,-0.0184,-0.00665,Cytoskeleton
F7EWF8,Anapc2,-3e-5,-0.01579,Nucleus
F7EWP1,Ube2a,-3e-4,-0.02048,Nucleus
F7EX11,Mnat1,0.00442,-0.00511,Nucleus
F7EXM7,Map2k3,0.00622,0.01688,Other
F7EXP7,Snx7,-0.00784,-0.01731,Other
F7EXX5,Irf3,-0.00291,-0.018,Mitochondrion
F7EXY3,Uck1,0.01775,-0.01451,Other
F7EXY7,Slc25a24,0.01316,-0.00317,Mitochondrion
F7EY92,Mbd3,-0.00871,0.00782,Nucleus
F7EZ84,Vps4b,-0.01995,7.2e-4,Cytoskeleton
F7EZK6,Galk1,0.00591,0.02525,Other
F7EZM1,Eif1ax,0.01551,-0.0054,Other
F7F0E5,Flii,-0.00789,-0.00992,Cytoskeleton
F7F0L0,Ctps1,6.9e-4,0.01644,Nucleus
F7F0R0,Tmod3,-0.02391,-0.00294,Cytoskeleton
F7F1G3,Ubr7,0.00516,0.01075,Other
F7F1S0,Dlgap5,0.0024,0.01311,Cytoskeleton
F7F1X7,Pmm2,-0.02331,0.00549,Other
F7F288,Bcap29,-0.02239,0.0107,Nucleus
F7F2Q6,Ythdf1,0.0037200000000000002,0.00795,Other
F7F350,Syap1,-0.01403,0.00456,Nucleus
F7F497,Efs,-0.00725,-0.00786,Other
F7F4L4,Dnajb12,-0.0133,0.0228,Nucleus
F7F5A1;D3ZYE1,Ube2e2;Ube2e3,0.00234,-0.0175,Other
F7F6D1,Anxa7,0.024140000000000002,0.00899,Nucleus
F7F7A6,Eif4a1,0.0218,0.01693,Nucleus
F7F888,Mta2,0.00189,-0.02003,Nucleus
F7F8T0,Extl2,0.00543,-0.00647,Nucleus
F7FAB7,Dynlt3,-0.01354,0.02406,Cytoskeleton
F7FAR8,Ltbr,-0.00693,0.0136,Other
F7FBS0,Bphl,0.01333,0.02077,Mitochondrion
F7FE70,Cdc16,-0.00714,-8.5e-4,Cytoskeleton
F7FEI8,Exd2,-0.00448,0.01593,Mitochondrion
F7FF81,Pfdn5,-0.02345,-0.01147,Other
F7FFR1,Rars2,0.00511,-0.00502,Mitochondrion
F7FG85,Man2b1,0.01398,0.00963,Other
F7FGS9,Marchf5,0.0124,0.01641,Mitochondrion
F7FGW7,Ndufs8,-0.01246,0.00707,Mitochondrion
F7FH41,Csnk2a2,0.00163,-0.01726,Nucleus
F7FHM1,Ppic,0.01748,0.02229,Other
F7FHT4,Sema3c,-0.00132,-0.01186,Other
F7FIL2,Tmem222,-0.00462,0.011,Other
F7FIP9,Nle1,0.00644,-0.01399,Nucleus
F7FJQ3,Npc2,-0.02071,0.01617,Other
F7FJT3,Rad23a,-0.01514,-0.01819,Nucleus
F7FL77,Papss2,-0.013,0.01672,Other
F7FLA1,Slc35b2,0.02697,-0.00093000000000000005,Nucleus
F7FLB2,Pgm2,0.00578,-0.01372,Other
F7FLB7,Anxa11,0.02413,-0.00698,Cytoskeleton
F7FM32,Qng1,0.02304,0.00802,Other
F7FND9,Srrm1,0.00127,-0.02341,Nucleus
F7FPK8,Lman2,0.02361,0.01021,Nucleus
F7FPM8,Snx6,0.0155,-0.024,Other
F7FPZ3,Nelfa,-0.00882,0.02363,Nucleus
F7FQB8,Kpna4,0.01364,0.01702,Nucleus
G3V624,Coro1c,-0.01856,0.00619,Cytoskeleton
G3V648,Agpat3,0.00579,0.00639,Nucleus
G3V656,Mepce,0.01583,0.01053,Nucleus
G3V678,Polr2h,0.00412,0.00811,Nucleus
G3V681,Mcm4,-0.00368,0.01806,Nucleus
G3V6A8,Golgb1,-0.01426,-0.02427,Other
G3V6C3,Pbdc1,-0.00852,0.00382,Other
G3V6D1,Nagpa,0.00393,-0.00531,Other
G3V6G7,Pnpt1,-0.00618,-0.01213,Mitochondrion
G3V6H2,Prpf8,0.00114,0.01481,Nucleus
G3V6I6,Adipor1,-9.7e-4,0.01649,Other
G3V6N2,Tmed4,-0.00573,-0.02253,Nucleus
G3V6N5,Slc66a3,-0.00949,0.00182,Other
G3V6Q3,Wdr13,-0.00501,0.01444,Other
G3V6R7,Oxsm,-0.0018600000000000001,5e-4,Mitochondrion
G3V6R9,Bloc1s4,-0.00714,-0.01288,Other
G3V6S0,Sptbn1,-0.00303,-0.02868,Cytoskeleton
G3V6S8,Srsf6,-0.01878,0.01388,Nucleus
G3V6T1,Copa,-0.01014,0.0211,Nucleus
G3V6U3,Alg2,0.01882,-0.00933,Nucleus
G3V6U9,Setd3,-0.0127,-0.01331,Nucleus
G3V6W6,Psmc6,0.01698,0.01657,Other
G3V728,Nipsnap1,0.00909,0.02679,Mitochondrion
G3V735,Amotl2,-0.0051,-0.00254,Cytoskeleton
G3V762,Gfus,0.02298,-0.00318,Other
G3V783,Ripk2,-0.01189,0.00123,Other
G3V784,Adpgk,0.01864,-0.00834,Nucleus
G3V798,Srsf4,-0.01578,-0.0018600000000000001,Nucleus
G3V7G9,Eif3l,0.02694,-0.00171,Nucleus
G3V7I3,Atp13a1,0.02249,-0.00395,Nucleus
G3V7J7,Eif5a2,-0.02421,0.00708,Nucleus
G3V7K5,Npc1,-0.00252,0.00574,Nucleus
G3V7L1,Utrn,-0.01512,-0.01064,Cytoskeleton
G3V7M0,Cnot1,0.00699,0.02837,Other
G3V7N0,Hs2st1,0.00605,-0.00107,Other
G3V7N6,Mboat7,0.00591,-0.00681,Mitochondrion
G3V7P1,Stx12,-0.02109,-0.017,Other
G3V7Q0,Dennd5a,0.00496,0.00441,Other
G3V7T6,Sf3b1,0.00398,-0.00943,Nucleus
G3V7V2,Aamp,0.01105,0.01654,Cytoskeleton
G3V7V3,Slc27a4,0.01901,0.00495,Cytoskeleton
G3V7W1,Pdcd6,-0.01786,0.01585,Nucleus
G3V7Z8,Pabpn1,0.02211,0.01781,Nucleus
G3V817,Xrcc5,-0.00671,-0.00331,Nucleus
G3V824,Igf2r,0.01503,0.00869,Nucleus
G3V828,Cnpy3,-0.00442,-0.03068,Other
G3V862,Angptl2,-0.00161,-0.01391,Other
G3V897,Ctr9,-0.00542,0.01897,Nucleus
G3V8E2,Strip1,0.00718,-0.00618,Other
G3V8E4,Ubfd1,-3.7e-4,-0.01742,Other
G3V8G2,Psmd5,0.02219,0.00326,Other
G3V8L1,Pycard,-0.00886,0.00215,Mitochondrion
G3V8N8,Slc7a6os,5.4e-4,0.00165,Other
G3V8Q8,Sec23ip,-0.01415,0.00719,Other
G3V8S6,Hrc,-4.2e-4,-0.00249,Other
G3V8V4,Cers2,-0.01631,0.00747,Nucleus
G3V8W9,Tstd3,-1.9e-4,-0.01475,Mitochondrion
G3V8Y5,Polr2b,0.00941,-0.01453,Nucleus
G3V8Z3,Gpkow,0.01275,-0.01574,Nucleus
G3V8Z6,Krit1,-0.0043,0.0153,Other
G3V8Z9,Cops7a,0.00796,0.01073,Nucleus
G3V912,Tmx4,-0.01597,-0.01087,Nucleus
G3V918,Gart,0.02197,0.00983,Other
G3V926,Chuk,-0.00163,0.00336,Other
G3V928,Lrp1,-0.01739,0.02098,Cytoskeleton
G3V953,Rbbp6,-0.00154,0.01948,Cytoskeleton
G3V969,Tfcp2,0.01145,0.01764,Nucleus
G3V972,Gemin6,-0.01241,0.02906,Nucleus
G3V992,Gtf2e1,-0.00093000000000000005,0.02366,Nucleus
G3V9D0,Poglut1,0.00772,0.00808,Other
G3V9L1,Tex2,-0.00499,-0.0019,Nucleus
G3V9M1,Ddx23,-8.9e-4,-0.00357,Nucleus
G3V9M6,Fbn1,-0.0085,0.00469,Other
G3V9M8,Fam50a,-0.0116,-0.00688,Other
G3V9N0,Pabpc4,-0.0192,-0.01636,Other
G3V9R0,Luc7l1,0.00699,-0.0311,Other
G3V9R8,Hnrnpc,-0.0028,0.00873,Cytoskeleton
G3V9T7,Get3,0.02602,-0.00484,Nucleus
G3V9W0,Cetn2,-0.01048,0.00323,Cytoskeleton
G3V9W2,Jak1,0.01131,-0.01138,Other
I6L9G5,Rcn3,-0.02859,0.00218,Other
M0R3L8,Gba1,0.02548,-0.01183,Other
M0R3M8,Rrp12,0.01791,0.00701,Nucleus
M0R3Z8,Rbm15,-0.00378,-0.00721,Nucleus
M0R402,Tmx3,-0.00574,-0.03479,Nucleus
M0R455,Serpinb9b,-0.00125,0.0017,Other
M0R4P9,Ube2h,0.00224,0.00964,Other
M0R4Z8,Gatd1,0.00147,0.01223,Other
M0R565,Wdr82,0.0139,0.00169,Nucleus
M0R5M7,Btf3l6,-0.01651,-0.01755,Other
M0R5N4,Pfdn4,-0.01681,-0.01942,Mitochondrion
M0R5Y9,Zbtb8os,-0.00115,0.0161,Other
M0R6T4,Mms19,0.0194,-0.00415,Cytoskeleton
M0R715,Pnpla6,-0.00341,0.02619,Nucleus
M0R719,Micos13,0.01522,0.00594,Mitochondrion
M0R7B4,H4f3,-0.01308,0.01652,Nucleus
M0R7V3,Apoo,-0.01533,-0.02946,Mitochondrion
M0R835,Sf3b6,0.00874,-0.00649,Nucleus
M0R8C5,Eri3,0.01203,0.00906,Mitochondrion
M0R8J3,Jmy,-0.00386,0.02064,Other
M0R8K2,Snrpd2,-0.00602,0.02157,Nucleus
M0R8Y4,Chst14,-0.0061,-0.02763,Other
M0R9B9,Ubxn7,-0.02055,0.00217,Other
M0R9L0,Naca,-0.01979,-0.0232,Other
M0R9Q1,Rbm14,-0.00518,0.01674,Nucleus
M0RAD5,Clpp,0.00404,-0.01528,Mitochondrion
M0RAI4,Ears2,-0.01264,0.00897,Mitochondrion
M0RAP5,Sbf1,-0.01072,0.02131,Nucleus
M0RBB1,Alyref,-0.01712,0.01854,Nucleus
M0RBE4,Pomp,-0.01073,-0.01838,Nucleus
M0RBM9,Arhgef10l,-0.003,0.01134,Other
M0RC54,Bod1l1,0.00107,-0.01003,Nucleus
M0RC65,Cfl2,0.02547,-0.0046,Cytoskeleton
M0RC99,Rab5a,-0.01193,0.02233,Cytoskeleton
M0RCA3,Zfpl1,-0.00196,0.02017,Other
M0RCG9,Polr2i,-0.02093,-0.00391,Nucleus
M0RCP2,Sh3pxd2b,-0.01499,-0.01976,Cytoskeleton
M0RCS2,Tbl2,-0.01665,-0.018,Nucleus
M0RCW6,Cetn3,-0.00434,0.01155,Cytoskeleton
M0RDA4,Ephb4,0.01116,0.01752,Other
M0RDC9,Exosc1,0.00799,-0.00434,Nucleus
M0RDD7,Chtopl1,-0.00295,0.01243,Other
M0RDJ7,Tceal5,-0.01999,1.3e-4,Other
M0RDP3,Myl6bl1,-0.01274,0.00256,Other
M0RDU0,F8a1,0.00707,0.02259,Nucleus
M0RDY6,Crybg3,-0.0112,-0.01303,Other
M0RE23,Rpl26-ps9,4.7e-4,0.03034,Other
O08557,Ddah1,-0.02028,-0.01447,Other
O08561,Pi4kb,0.00804,0.0024,Mitochondrion
O08564,Plpp1,0.02387,0.01559,Other
O08587,Nup50,-0.0052,-0.02248,Nucleus
O08589,Fxyd1,-0.00628,0.00467,Other
O08618,Prpsap2,-0.01434,-0.01004,Other
O08623,Sqstm1,-0.01607,0.02523,Mitochondrion
O08628,Pcolce,-0.00663,0.01935,Other
O08629,Trim28,0.01707,-0.00812,Nucleus
O08651,Phgdh,0.00522,0.0178,Other
O08653,Tep1,0.01266,0.01306,Nucleus
O08654,Phaf1,0.01685,0.01331,Other
O08658,Nup88,-0.00921,0.00364,Nucleus
O08679,Mark2,0.0058,-0.00318,Mitochondrion
O08697,Arl2,0.01606,-0.01248,Mitochondrion
O08700,Vps45,0.00987,0.00871,Other
O08719,Evl,0.00424,0.01944,Cytoskeleton
O08722,Unc5b,8.3e-4,0.01301,Other
O08730,Gyg1,0.02068,-0.00969,Other
O08769,Cdkn1b,-0.02036,-0.00949,Other
O08776,Ndufaf3,0.01518,-0.00584,Mitochondrion
O08815,Slk,-0.02204,0.01922,Nucleus
O08816,Wasl,-0.01853,0.00797,Cytoskeleton
O08836,Igbp1,0.0182,-0.01366,Other
O08837,Cdc5l,-0.00847,-0.01446,Nucleus
O08838,Amph,-0.02035,-0.01371,Other
O08839,Bin1,-0.02538,0.00871,Cytoskeleton
O08874,Pkn2,-0.01305,-0.00724,Cytoskeleton
O08949,Gtf2a1,-0.00873,-0.01022,Nucleus
O08984,Lbr,-0.02043,-0.00969,Nucleus
O09018,Nr2f2,0.00465,0.02954,Other
O09175,Rnpep,0.02272,0.02312,Other
O35092,Timm17a,0.00326,0.01037,Mitochondrion
O35093,Timm23,0.01374,-0.01703,Mitochondrion
O35094,Timm44,-0.00444,0.00253,Mitochondrion
O35095,Ncdn,0.01917,0.00856,Other
O35112,Alcam,-0.01279,0.00689,Other
O35115,Fhl2,-0.01457,0.03022,Cytoskeleton
O35142,Copb2,-0.00887,0.0362,Nucleus
O35162,Hspa13,-9.1e-4,-0.02648,Other
O35165,Gosr2,2.3e-4,0.0154,Nucleus
O35217,Minpp1,-0.0103,0.01227,Other
O35244,Prdx6,-0.02201,-0.01349,Mitochondrion
O35254,Gorasp1,0.02164,0.01593,Other
O35260,Nacc1,0.02001,0.01513,Other
O35263,Pafah1b3,-0.0014,-0.01651,Other
O35264,Pafah1b2,-0.01883,-0.00785,Other
O35274,Ppp1r9b,-0.00496,-0.00605,Cytoskeleton
O35276,Nrp2,-0.00276,-0.01381,Other
O35303,Dnm1l,0.01967,-0.01448,Mitochondrion
O35331,Pdxk,-0.01872,-0.01146,Other
O35346,Ptk2,-0.0131,-0.00466,Cytoskeleton
O35413,Sorbs2,-0.02189,0.02026,Cytoskeleton
O35509,Rab11b,0.02448,0.01628,Other
O35532,Msmo1,0.00597,-3.9e-4,Nucleus
O35547,Acsl4,-0.00552,-0.01565,Mitochondrion
O35550,Rabep1,-0.00828,-0.02852,Other
O35567,Atic,0.00631,0.01008,Other
O35760,Idi1,0.02619,0.01089,Mitochondrion
O35763,Msn,-0.0175,0.01645,Cytoskeleton
O35764,Nptxr,-0.0018600000000000001,-0.00636,Other
O35783,Calu,-0.02491,-0.01597,Nucleus
O35796,C1qbp,-0.02235,-0.01077,Mitochondrion
O35806,Ltbp2,-0.0123,0.01664,Other
O35814,Stip1,-0.02869,-0.00603,Other
O35820,Dnph1,0.01909,0.00125,Other
O35821,Mybbp1a,0.00328,0.01402,Nucleus
O35824,Dnaja2,-0.02523,-0.00605,Other
O35826,Gne,0.01509,-0.0155,Other
O35828,Coro7,0.00651,-0.01398,Cytoskeleton
O35854,Bcat2,0.02642,-2.8e-4,Mitochondrion
O35876,Smn1,0.00778,6.8e-4,Nucleus
O35878,Hspb2,-0.01047,0.01393,Other
O35889,Afdn,0.01107,-0.0218,Other
O35952,Hagh,-0.01446,0.01575,Mitochondrion
O35964,Sh3gl1,-0.0261,4.8e-4,Cytoskeleton
O35986,Zranb2,-0.02305,-0.00229,Other
O35987,Nsfl1c,-0.02103,0.00363,Cytoskeleton
O54698,Slc29a1,0.02161,9e-5,Other
O54715,Atp6ap1,-0.00792,-0.00781,Nucleus
O54747,Pold1,-0.0021,-0.01391,Nucleus
O54748,Stk3,0.00675,-0.02632,Cytoskeleton
O54783,Chkb,0.01508,0.001,Other
O54842,Nupr1,0.02089,0.0159,Nucleus
O54857,Pten,0.01043,-0.02715,Nucleus
O54861,Sort1,-0.01394,0.01472,Nucleus
O54874,Cdc42bpa,-0.00325,0.00613,Cytoskeleton
O54921,Exoc2,0.01073,0.00668,Other
O54922,Exoc7,0.00899,-0.0166,Cytoskeleton
O54923,Exoc6,-0.01103,-0.00107,Nucleus
O54924,Exoc8,-0.00574,0.02477,Nucleus
O54975,Xpnpep1,-0.0198,9.7e-4,Other
O55000,Ppp1r10,-0.00878,0.00821,Nucleus
O55012,Picalm,-0.02259,-0.0174,Nucleus
O55035,Ppig,-0.01253,0.00855,Nucleus
O55043,Arhgef7,0.00983,-0.00273,Cytoskeleton
O55096,Dpp3,0.02448,-0.01184,Other
O55156,Clip2,-0.01285,-0.02861,Cytoskeleton
O55164,Mpdz,-0.00791,0.01566,Other
O55166,Vps52,4.7e-4,0.02931,Nucleus
O55171,Acot2,-0.01622,7e-5,Mitochondrion
O55173,Pdpk1,-0.01165,0.00492,Other
O55207,Synj2,0.00634,-0.00884,Nucleus
O70196,Prep,0.02568,0.0134,Other
O70199,Ugdh,0.02523,-0.01724,Other
O70248,Apba3,-0.01937,-0.01298,Nucleus
O70257,Stx7,-0.02093,-0.00568,Nucleus
O70277,Trim3,-0.0073,-0.00541,Other
O70280,Wfdc1,4.5e-4,0.011,Other
O70351,Hsd17b10,0.01246,0.02974,Mitochondrion
O70352,Cd82,-0.00821,-0.02512,Other
O70377,Snap23,-0.01591,-0.02634,Mitochondrion
O70436,Smad2,-0.00695,-4.3e-4,Nucleus
O70437,Smad4,0.00114,0.00167,Nucleus
O70454,Bud31,0.01106,0.02993,Nucleus
O70467,Prmt3,0.01383,0.00349,Other
O70511,Ank3,-0.01147,-0.01322,Cytoskeleton
O70536,Soat1,-0.00291,-0.01228,Nucleus
O70593,Sgta,-0.02436,-0.00888,Other
O88339,Epn1,0.00172,0.01095,Other
O88350,Rbbp9,-0.01236,0.02572,Other
O88370,Pip4k2c,0.02349,0.00379,Other
O88377,Pip4k2b,-0.0132,-0.00391,Nucleus
O88453,Safb,-0.01176,0.0136,Other
O88483,Pdp1,0.00202,0.02791,Mitochondrion
O88496,Ggcx,0.00651,0.02372,Nucleus
O88506,Stk39,0.01737,-0.00341,Other
O88553,Zfp37,0.01724,0.00872,Other
O88588,Pacs1,-0.01926,-0.01203,Other
O88599,Mybph,0.0171,0.01449,Other
O88600,Hspa4,-0.02347,-0.01768,Other
O88637,Pcyt2,0.00131,-0.00813,Nucleus
O88656,Arpc1b,-0.01183,0.02726,Cytoskeleton
O88658,Kif1b,-7.8e-4,0.01768,Mitochondrion
O88664,Taok1,0.01284,2.9e-4,Cytoskeleton
O88761,Psmd1,0.00687,0.0214,Other
O88763,Pik3c3,-3e-4,-0.01454,Other
O88764,Dapk3,-0.00395,-0.01052,Cytoskeleton
O88767,Park7,-0.02665,0.00188,Mitochondrion
O88791,Hmga2,-8.6e-4,0.01089,Nucleus
O88797,Dab2,-0.0133,0.00648,Nucleus
O88813,Acsl5,0.02425,0.00448,Mitochondrion
O88823,Jtb,-0.00527,0.01268,Mitochondrion
O88884,Akap1,-0.00358,-0.00991,Mitochondrion
O88900,Grb14,-0.02308,-0.01054,Other
O88902,Ptpn23,0.01938,-0.01151,Cytoskeleton
O88923,Adgrl2,-0.02336,-0.01494,Other
O88941,Mogs,0.02104,-0.01222,Other
O88989,Mdh1,0.01246,-0.02239,Other
O88994,Mtarc2,0.02383,-0.00314,Mitochondrion
O89035,Slc25a10,0.01748,-0.00766,Mitochondrion
O89039,Ackr3,0.00215,0.01472,Other
O89043,Pola2,-0.00235,0.02302,Nucleus
O89044,Prim2,-0.00968,0.01868,Nucleus
O89046,Coro1b,-0.02397,0.00689,Cytoskeleton
O89049,Txnrd1,0.0121,-0.00436,Mitochondrion
P00173,Cyb5a,-0.02017,-0.02163,Mitochondrion
P00388,Por,0.02245,0.0076,Nucleus
P00406,Mt-co2,0.01699,-0.00731,Mitochondrion
P00507,Got2,0.02606,-0.00524,Mitochondrion
P00564,Ckm,0.0068,0.02427,Other
P01041,Cstb,-0.02113,-0.01541,Other
P01830,Thy1,0.01343,-0.01373,Other
P01946,Hba1,-0.0117,0.0121,Other
P02091,Hbb,-0.01038,0.01738,Other
P02401,Rplp2,-0.02138,-0.01381,Other
P02454,Col1a1,-0.02682,0.00716,Other
P02466,Col1a2,-0.02399,0.00357,Other
P02564,Myh7,0.02286,0.01373,Cytoskeleton
P02631,Ocm,-0.00326,-0.01561,Other
P04041,Gpx1,-0.01561,-0.00269,Mitochondrion
P04166,Cyb5b,-0.02177,-0.00799,Mitochondrion
P04182,Oat,0.024140000000000002,-0.01779,Mitochondrion
P04218,Cd200,0.01177,-0.00691,Other
P04256,Hnrnpa1,0.00585,0.02017,Nucleus
P04355,Mt2,-0.01534,0.00593,Other
P04462,Myh8,0.01045,-0.00702,Cytoskeleton
P04466,Myl11,-0.01064,-0.00931,Cytoskeleton
P04550,Ptms,-0.01916,-0.00864,Other
P04636,Mdh2,0.02483,-0.01657,Mitochondrion
P04642,Ldha,0.02375,-0.01202,Mitochondrion
P04644,Rps17,0.01487,-0.01475,Nucleus
P04646,Rpl35a,-0.01887,0.02105,Other
P04692,Tpm1,-0.0192,0.00324,Cytoskeleton
P04762,Cat,0.00219,-0.01585,Mitochondrion
P04764,Eno1,0.02718,-0.01076,Nucleus
P04785,P4hb,-0.02689,-0.00665,Other
P04797,Gapdh,0.0193,-0.02409,Cytoskeleton
P04897,Gnai2,0.02104,-0.00115,Cytoskeleton
P04905,Gstm1,0.02004,0.02042,Other
P04906,Gstp1,0.02416,0.00403,Mitochondrion
P04961,Pcna,-0.00241,0.01805,Cytoskeleton
P05065,Aldoa,0.02585,0.01257,Cytoskeleton
P05197,Eef2,-0.0089,0.02073,Other
P05369,Fdps,0.02036,0.00293,Mitochondrion
P05370,G6pdx,0.02806,0.00352,Other
P05505,Mt-co3,-0.00464,0.00761,Mitochondrion
P05506,Mt-nd3,0.02673,0.00398,Mitochondrion
P05508,Mt-nd4,0.01191,-0.02312,Mitochondrion
P05539,Col2a1,-5.2e-4,-0.00761,Other
P05696,Prkca,7.2e-4,0.01794,Mitochondrion
P05708,Hk1,0.00347,-0.0081,Mitochondrion
P05712,Rab2a,-0.02083,-0.02356,Nucleus
P05714,Rab4a,0.00939,-0.01371,Nucleus
P05765,Rps21,-0.01347,-0.02907,Other
P05942,S100a4,-0.00557,-0.00916,Nucleus
P05943,S100a10,-0.01246,0.01597,Nucleus
P05964,S100a6,-0.01505,0.0184,Nucleus
P05982,Nqo1,0.02305,-0.00794,Other
P06214,Alad,0.02045,0.00322,Other
P06302,Ptma,-0.00752,-0.0158,Other
P06536,Nr3c1,-0.01138,0.00295,Mitochondrion
P06685,Atp1a1,0.01087,-0.03079,Other
P06760,Gusb,0.00424,-0.00248,Other
P06761,Hspa5,-0.01446,-0.02337,Mitochondrion
P06762,Hmox1,0.0019,0.0101,Mitochondrion
P06766,Polb,-0.00289,0.00123,Mitochondrion
P07092,Serpine2,0.00939,-0.00534,Other
P07150,Anxa1,0.02441,-0.00171,Cytoskeleton
P07153,Rpn1,0.01805,0.00253,Nucleus
P07154,Ctsl,-0.01801,0.01372,Other
P07323,Eno2,-0.01963,0.01389,Other
P07340,Atp1b1,-0.00325,-0.01688,Other
P07483,Fabp3,-0.02177,-0.01323,Other
P07632,Sod1,-0.0228,-0.00786,Mitochondrion
P07633,Pccb,0.01369,0.01296,Mitochondrion
P07687,Ephx1,0.00341,-0.00281,Nucleus
P07861,Mme,0.02144,0.01983,Cytoskeleton
P07872,Acox1,0.01164,-0.00957,Other
P07895,Sod2,0.00193,-0.01395,Mitochondrion
P07943,Akr1b1,0.02522,-0.00183,Mitochondrion
P08010,Gstm2,0.01671,0.02674,Other
P08050,Gja1,-0.00328,0.00918,Mitochondrion
P08081,Clta,-0.0205,0.00352,Cytoskeleton
P08082,Cltb,-0.02735,0.0045,Other
P08430,Ugt1a6,-1.2e-4,-0.0123,Other
P08460,Nid1,-0.01747,1.1e-4,Other
P08461,Dlat,0.00803,-0.03464,Mitochondrion
P08503,Acadm,0.02364,-0.0024,Mitochondrion
P08592,App,-0.00507,0.00662,Mitochondrion
P08644,Kras,0.01005,0.01327,Other
P08649,C4,0.001,0.00649,Other
P08699,Lgals3,0.02275,-0.0122,Mitochondrion
P08753,Gnai3,0.02089,0.01597,Cytoskeleton
P09215,Prkcd,-0.0104,-0.00791,Mitochondrion
P09216,Prkce,-0.01306,0.02165,Mitochondrion
P09330,Prps2,-0.00113,-0.01694,Other
P09456,Prkar1a,0.02634,-0.00585,Cytoskeleton
P09495,Tpm4,-0.01934,0.00642,Cytoskeleton
P09527,Rab7a,0.0217,-0.00289,Mitochondrion
P09811,Pygl,-0.00127,0.00852,Other
P09812,Pygm,0.01775,0.02679,Other
P09895,Rpl5,-0.02071,0.01272,Nucleus
P0C089,Ptpmt1,0.01199,-0.0088,Mitochondrion
P0C0A1,Vps25,-0.00533,0.01868,Other
P0C0A2,Vps36,0.0173,0.01058,Other
P0C0R5,Pik3r4,0.00559,-0.0109,Other
P0C0S7,H2az1,-3.1e-4,0.00322,Nucleus
P0C0T0,Litaf,-0.0144,-0.0097,Other
P0C1S9,Daglb,0.0062,0.01691,Other
P0C1X8,Aak1,-0.0155,-0.00279,Other
P0C219,Slmap,-0.02604,8.9e-4,Mitochondrion
P0C2B9,Mrpl42,0.00846,0.0129,Mitochondrion
P0C2C0,Mrpl22,0.0141,0.00476,Mitochondrion
P0C2C1,Mrpl30,0.02022,-0.0082,Mitochondrion
P0C2C4,Mrpl10,0.01623,-0.00795,Mitochondrion
P0C2X9,Aldh4a1,1.6e-4,-0.02263,Mitochondrion
P0C5E3,Palld,-0.00442,-0.0018600000000000001,Cytoskeleton
P0C5H9,Manf,-0.02314,0.00696,Other
P0C5W1,Map1s,-0.01071,0.00151,Cytoskeleton
P0C5Y8,Als2,-5.3e-4,-9.5e-4,Cytoskeleton
P0C606,Sgf29,-0.00178,-0.01981,Cytoskeleton
P0C644,Ppip5k1,-0.01264,0.01593,Other
P0C6B1,Slc35e1,-8.6e-4,0.0158,Other
P0C8E4,Map3k7,-0.01409,0.00432,Nucleus
P0CB49,Ylpm1,-0.01186,0.01603,Nucleus
P0CE43,Grb10,-0.00444,0.00339,Other
P0DL28,Fbxw8,0.02191,-0.00467,Cytoskeleton
P0DMW0,Hspa1a,-0.01395,0.01667,Other
P0DN35,Ndufb1,-0.00312,-0.00227,Other
P0DP29;P0DP30;P0DP31,Calm1;Calm2;Calm3,-0.02437,0.01478,Other
P0DW89,Zftraf1,-0.00187,-0.01806,Nucleus
P10252,Cd48,0.00692,-0.01492,Other
P10536,Rab1b,-0.01897,0.01839,Nucleus
P10686,Plcg1,0.01006,0.01599,Nucleus
P10688,Plcd1,0.01666,-0.01164,Other
P10719,Atp5f1b,0.01782,-0.02506,Mitochondrion
P10760,Ahcy,0.01038,0.01282,Other
P10818,Cox6a1,0.00351,0.00639,Mitochondrion
P10860,Glud1,0.02348,-0.01356,Mitochondrion
P10868,Gamt,0.00334,0.01213,Other
P10888,Cox4i1,-0.01102,-0.0216,Mitochondrion
P10960,Psap,-0.01545,-0.00836,Other
P11030,Dbi,-0.02534,-0.01175,Mitochondrion
P11167,Slc2a1,0.00739,0.00254,Cytoskeleton
P11232,Txn,-0.02276,-0.00266,Other
P11240,Cox5a,-0.0092,-0.02949,Mitochondrion
P11250,Rpl34,-0.02037,-0.00333,Other
P11345,Raf1,-0.01121,0.02667,Mitochondrion
P11348,Qdpr,0.01513,-0.01701,Mitochondrion
P11442,Cltc,0.02538,0.01795,Cytoskeleton
P11497,Acaca,0.02243,0.00796,Mitochondrion
P11505,Atp2b1,-0.01209,-0.01472,Other
P11506,Atp2b2,-0.01046,0.00943,Other
P11507,Atp2a2,0.02554,-0.00877,Nucleus
P11530,Dmd,-0.01147,-0.00562,Cytoskeleton
P11598,Pdia3,-0.02554,0.00373,Nucleus
P11608,Mt-atp8,-0.00289,0.00159,Mitochondrion
P11661,Mt-nd5,0.02669,0.01282,Mitochondrion
P11730,Camk2g,-0.00231,0.02169,Nucleus
P11883,Aldh3a1,0.01641,-0.01555,Other
P11884,Aldh2,0.02436,0.01031,Mitochondrion
P11915,Scp2,-0.02271,0.00941,Mitochondrion
P11951,Cox6c2,-0.01391,0.02258,Other
P11960,Bckdha,0.00402,0.03183,Mitochondrion
P11980,Pkm,0.01102,-6.9e-4,Mitochondrion
P12001,Rpl18,-4.9e-4,0.02856,Other
P12007,Ivd,0.02777,0.00366,Mitochondrion
P12075,Cox5b,-0.02344,-0.00418,Mitochondrion
P12368,Prkar2a,0.01413,0.0015,Cytoskeleton
P12369,Prkar2b,-0.0127,0.02166,Cytoskeleton
P12711,Adh5,-0.00672,0.00641,Mitochondrion
P12749,Rpl26,-0.02253,0.01124,Nucleus
P12785,Fasn,0.02344,0.00857,Mitochondrion
P12847,Myh3,0.00801,-0.01779,Cytoskeleton
P13084,Npm1,-0.01585,0.02049,Cytoskeleton
P13086,Suclg1,-0.00486,-0.0244,Mitochondrion
P13221,Got1,0.01143,-0.00178,Other
P13233,Cnp,7e-4,-0.00128,Cytoskeleton
P13264,Gls,0.00732,-0.02033,Mitochondrion
P13383,Ncl,7.5e-4,0.01128,Nucleus
P13437,Acaa2,0.02021,8e-4,Mitochondrion
P13444,Mat1a,0.00449,-0.00122,Other
P13471,Rps14,0.00126,-0.01516,Nucleus
P13596,Ncam1,-0.01803,-0.01281,Other
P13599,Fcgrt,-0.02278,-0.01171,Other
P13635,Cp,-0.00587,0.00844,Other
P13668,Stmn1,-0.02113,0.00115,Cytoskeleton
P13676,Apeh,-0.01891,0.01628,Other
P13697,Me1,0.0049,0.02279,Mitochondrion
P13803,Etfa,0.02744,5.5e-4,Mitochondrion
P13832,Rlc-a,-0.00272,0.00362,Other
P13852,Prnp,0.00126,0.01736,Mitochondrion
P13941,Col3a1,-0.02725,0.0076,Other
P14046,A1i3,-0.00572,0.01933,Other
P14056,Araf,-0.01098,0.02119,Mitochondrion
P14141,Ca3,-0.02565,0.00658,Other
P14270,Pde4d,-0.00194,-0.01974,Cytoskeleton
P14408,Fh,0.02188,-0.0017,Mitochondrion
P14562,Lamp1,0.02239,-0.00903,Nucleus
P14604,Echs1,0.02184,0.00229,Mitochondrion
P14659,Hspa2,0.02725,0.00253,Cytoskeleton
P14668,Anxa5,0.024140000000000002,0.01799,Other
P14669,Anxa3,0.01909,0.00093000000000000005,Other
P14882,Pcca,0.01398,-0.00681,Mitochondrion
P14925,Pam,-0.01176,0.00681,Other
P15087,Cpe,-0.00594,-0.00701,Other
P15178,Dars1,0.00771,0.02445,Other
P15205,Map1b,-0.02567,-0.0047,Cytoskeleton
P15337,Creb1,-0.01151,-5e-4,Mitochondrion
P15429,Eno3,0.01789,0.00814,Other
P15650,Acadl,-0.01777,0.01244,Mitochondrion
P15651,Acads,0.01498,-0.02056,Mitochondrion
P15791,Camk2d,-0.01426,0.02349,Nucleus
P15800,Lamb2,-0.02019,0.01536,Other
P15865,H1-4,-0.00414,0.00191,Other
P15943,Aplp2,-0.00811,0.00114,Other
P15999,Atp5f1a,-0.00902,-0.03064,Mitochondrion
P16036,Slc25a3,0.02537,0.01114,Mitochondrion
P16086,Sptan1,-0.02552,0.00985,Cytoskeleton
P16290,Pgam2,0.00572,0.01597,Other
P16446,Pitpna,0.00707,-0.0101,Other
P16617,Pgk1,0.02098,-0.01504,Mitochondrion
P16636,Lox,-0.00436,0.00121,Other
P16638,Acly,-0.00721,-0.01446,Mitochondrion
P16970,Abcd3,0.0248,0.00586,Mitochondrion
P16975,Sparc,-0.02691,0.00237,Mitochondrion
P17046,Lamp2,0.00795,-0.00187,Nucleus
P17074,Rps19,0.00093000000000000005,-0.00962,Nucleus
P17077,Rpl9,-8.4e-4,-0.01096,Nucleus
P17078,Rpl35,0.02212,0.01183,Nucleus
P17164,Fuca1,0.01083,0.01613,Other
P17209,Myl4,0.00413,-0.0134,Cytoskeleton
P17220,Psma2,0.0248,0.00293,Other
P17256,Mvk,-0.0099,0.00747,Other
P17325,Jun,-0.00623,-0.01719,Nucleus
P17425,Hmgcs1,0.00317,0.01384,Other
P17431,Zfp36l1,-0.01251,-0.00952,Other
P17764,Acat1,-0.01359,-0.03197,Mitochondrion
P17955,Nup62,-0.01749,0.00999,Cytoskeleton
P18163,Acsl1,0.02385,0.00838,Mitochondrion
P18265,Gsk3a,0.00656,-0.01373,Mitochondrion
P18266,Gsk3b,-0.01857,0.00145,Mitochondrion
P18292,F2,-0.00162,0.01611,Other
P18297,Spr,0.01729,0.00472,Mitochondrion
P18298,Mat2a,-0.00344,0.01373,Other
P18395,Csde1,0.00364,0.03329,Other
P18418,Calr,-0.01513,0.02145,Mitochondrion
P18420,Psma1,0.01896,-0.01776,Nucleus
P18421,Psmb1,0.01523,0.01043,Other
P18422,Psma3,0.02766,1.3e-4,Other
P18445,Rpl27a,-0.0209,0.02367,Other
P18484,Ap2a2,0.02095,0.01068,Other
P18614,Itga1,-0.01048,0.03009,Other
P18645,Gale,0.02362,-0.00242,Other
P18665,Mrpl3,-0.00557,0.01663,Mitochondrion
P18666,Myl12b,0.00765,0.01661,Other
P18757,Cth,-0.01234,0.00442,Other
P18886,Cpt2,0.0166,-0.01446,Mitochondrion
P19132,Fth1,-0.01745,0.01029,Mitochondrion
P19139,Csnk2a1,0.00861,0.01383,Nucleus
P19234,Ndufv2,-0.0137,-0.01042,Mitochondrion
P19356,Hmbs,-0.01958,0.00957,Other
P19468,Gclc,-0.01301,-0.02363,Mitochondrion
P19511,Atp5pb,0.0236,0.00811,Mitochondrion
P19637,Plat,0.00314,-0.01735,Other
P19804,Nme2,0.01794,0.02558,Nucleus
P19814,Ttgn1,0.00493,0.00923,Other
P19836,Pcyt1a,6.1e-4,-0.00194,Nucleus
P19944,Rplp1,-0.01938,0.00825,Other
P19945,Rplp0,0.02388,0.00464,Other
P20069,Pmpca,0.0237,-0.00299,Mitochondrion
P20070,Cyb5r3,0.02458,0.01953,Mitochondrion
P20171,Hras,-0.0116,0.00629,Nucleus
P20417,Ptpn1,0.00241,0.0295,Mitochondrion
P20428,Myog,-0.00207,0.02496,Nucleus
P20611,Acp2,-0.00454,-0.00587,Other
P20650,Ppm1a,-0.00691,0.01155,Other
P20651,Ppp3cb,0.01826,-0.00322,Other
P20673,Asl,-0.00763,0.0017,Other
P20788,Uqcrfs1,-3.8e-4,0.0201,Mitochondrion
P20909,Col11a1,-0.01507,0.02277,Other
P21139,Man2c1,0.01304,0.0127,Other
P21263,Nes,-0.00935,-0.00963,Cytoskeleton
P21396,Maoa,0.00913,0.0039,Mitochondrion
P21531,Rpl3,0.01108,0.01205,Nucleus
P21533,Rpl6,-0.02582,-0.00111,Other
P21571,Atp5pf,-0.02073,-7e-5,Mitochondrion
P21670,Psma4,0.02565,-0.01044,Other
P21674,Fst,-0.01624,-3.4e-4,Nucleus
P21677,Tcf3,-0.00977,9e-4,Nucleus
P21708,Mapk3,0.01246,-0.01421,Mitochondrion
P21775,Acaa1a,-0.02148,-0.00739,Mitochondrion
P21818,Stmn2,-0.0268,-0.00769,Nucleus
P21913,Sdhb,0.00229,0.02291,Mitochondrion
P22062,Pcmt1,0.01073,-0.0032,Other
P22509,Fbl,0.00322,0.00488,Nucleus
P22734,Comt,0.01945,0.02162,Mitochondrion
P22985,Xdh,2e-5,0.00678,Other
P23347,Slc4a2,0.00694,0.01592,Other
P23358,Rpl12,-9.2e-4,-0.02078,Other
P23514,Copb1,0.01553,0.00454,Nucleus
P23640,Rab27a,-0.00405,0.01445,Other
P23711,Hmox2,-0.00428,0.0105,Nucleus
P23785,Grn,-0.00619,0.02458,Other
P23928,Cryab,0.02125,0.01334,Mitochondrion
P23965,Eci1,-0.01404,-0.01486,Mitochondrion
P24049,Rpl17,-0.01863,-0.01033,Other
P24050,Rps5,0.01491,0.00975,Nucleus
P24051,Rps27l,0.01627,-0.02073,Nucleus
P24062,Igf1r,0.00617,0.00132,Other
P24090,Ahsg,-0.01929,0.01034,Other
P24155,Thop1,0.02487,-0.00552,Mitochondrion
P24268,Ctsd,0.0237,-0.00488,Other
P24368,Ppib,0.01444,0.01308,Nucleus
P24483,Fdx1,-0.00348,-0.0055,Mitochondrion
P24528,Mgmt,-0.02096,0.01588,Other
P24587,Akap5,-0.01101,0.0217,Other
P24594,Igfbp5,-0.00234,0.01913,Other
P24942,Slc1a3,-0.01115,0.01563,Nucleus
P25093,Fah,0.01053,0.01379,Other
P25113,Pgam1,0.01589,0.01781,Other
P25235,Rpn2,0.02682,2.8e-4,Nucleus
P25286,Atp6v0a1,0.00612,0.02511,Nucleus
P25304,Agrn,0.0028,-0.01291,Other
P25886,Rpl29,-0.01284,0.00467,Nucleus
P25977,Ubtf,-0.00411,-0.02894,Nucleus
P26051,Cd44,-0.01749,0.00918,Cytoskeleton
P26260,Sdc1,-0.02201,-0.00245,Other
P26376,ifitm3,-0.01837,0.00707,Nucleus
P26453,Bsg,-0.01806,-0.02057,Mitochondrion
P26772,Hspe1,-0.01998,-0.01857,Mitochondrion
P26817,Grk2,-0.02231,0.00315,Mitochondrion
P26824,F2r,0.01427,0.01509,Other
P27008,Parp1,-0.00464,-0.01026,Mitochondrion
P27274,Cd59,-0.00875,0.02139,Nucleus
P27321,Cast,-0.02246,0.00211,Other
P27605,Hprt1,0.02255,0.00522,Other
P27615,Scarb2,-0.01849,-0.0224,Nucleus
P27653,Mthfd1,0.00641,0.01959,Mitochondrion
P27768,Tnni2,0.00326,0.00257,Cytoskeleton
P27791,Prkaca,-9.1e-4,-0.0153,Mitochondrion
P27867,Sord,-0.02312,-0.01592,Mitochondrion
P27881,Hk2,0.01822,-0.01216,Mitochondrion
P27952,Rps2,0.01579,0.00821,Nucleus
P28023,Dctn1,-0.0122,-0.0074,Cytoskeleton
P28042,Ssbp1,-0.01372,-0.00545,Mitochondrion
P28073,Psmb6,0.02371,-0.00785,Other
P28075,Psmb5,0.02803,-0.00193,Other
P28480,Tcp1,0.01889,0.01313,Cytoskeleton
P28494,Man2a1,0.0162,-0.00424,Other
P28648,Cd63,0.00645,0.00958,Other
P29147,Bdh1,0.0212,0.01174,Mitochondrion
P29266,Hibadh,-0.02144,0.00609,Mitochondrion
P29314,Rps9,0.02245,0.0127,Other
P29315,Rnh1,0.01454,-0.00703,Other
P29410,Ak2,-0.01629,0.00775,Mitochondrion
P29411,Ak3,-4.5e-4,-0.01917,Mitochondrion
P29418,Atp5f1e,0.01905,0.0263,Mitochondrion
P29419,Atp5me,0.01833,-0.00922,Mitochondrion
P29457,Serpinh1,0.02005,-0.00512,Other
P29994,Itpr1,-0.0103,-0.02665,Nucleus
P30009,Marcks,-0.02242,-0.00193,Cytoskeleton
P30121,Timp2,0.00723,-0.0307,Cytoskeleton
P30337,Chn1,0.0117,0.00812,Other
P30349,Lta4h,0.02572,-0.01303,Other
P30427,Plec,-0.02273,-0.01302,Mitochondrion
P30560,Avpr1a,-0.0168,0.00242,Other
P30713,Gstt2,0.00282,-0.02495,Other
P30823,Slc7a1,-0.02285,0.01217,Other
P30835,Pfkl,0.00457,-0.01647,Other
P30839,Aldh3a2,0.01895,-0.00982,Mitochondrion
P30904,Mif,-0.02321,-0.00635,Other
P30919,Aga,-0.01949,0.02308,Other
P31000,Vim,-0.01298,-0.01001,Cytoskeleton
P31044,Pebp1,-0.02409,0.00319,Other
P31232,Tagln,0.00234,0.03343,Other
P31399,Atp5pd,-0.02048,-0.00471,Mitochondrion
P31430,Dpep1,-0.00827,0.00781,Cytoskeleton
P31643,Slc6a6,-0.00933,0.01105,Cytoskeleton
P31977,Ezr,-0.0225,-0.01863,Cytoskeleton
P32089,Slc25a1,0.02182,0.00991,Mitochondrion
P32198,Cpt1a,0.01503,0.00989,Mitochondrion
P32362,Urod,0.01712,0.01068,Other
P32551,Uqcrc2,0.02434,-0.01177,Mitochondrion
P32577,Csk,-0.01724,0.02197,Other
P34058,Hsp90ab1,0.01515,0.0076,Mitochondrion
P34064,Psma5,0.01832,0.02187,Other
P34067,Psmb4,0.0236,-0.00675,Cytoskeleton
P34900,Sdc2,-0.01837,0.01885,Other
P34926,Map1a,-0.02779,0.00206,Cytoskeleton
P35053,Gpc1,-0.01954,0.00964,Other
P35171,Cox7a2,-0.00614,-0.03012,Mitochondrion
P35213,Ywhab,0.02243,-0.00114,Nucleus
P35233,Ptpn2,-2.4e-4,0.00193,Other
P35280,Rab8a,-0.00677,0.00265,Cytoskeleton
P35281,Rab10,-2e-5,7.2e-4,Nucleus
P35284,Rab12,-0.00588,0.00511,Other
P35286,Rab13,-0.005,0.01598,Other
P35355,Ptgs2,0.00955,-0.02028,Nucleus
P35426,Cdk4,0.02834,0.00179,Nucleus
P35427,Rpl13a,-0.0131,0.03007,Nucleus
P35433,Ppat,0.00395,0.00305,Other
P35434,Atp5f1d,-0.01462,-0.01132,Mitochondrion
P35435,Atp5f1c,0.01487,0.00167,Mitochondrion
P35465,Pak1,0.00131,-0.02508,Cytoskeleton
P35559,Ide,-1.9e-4,0.01963,Mitochondrion
P35565,Canx,0.0031,0.01774,Mitochondrion
P35571,Gpd2,0.00691,0.01366,Mitochondrion
P35704,Prdx2,0.02803,0.00204,Mitochondrion
P35738,Bckdhb,-0.00181,0.01938,Mitochondrion
P35745,Acyp2,8.8e-4,-0.0037,Mitochondrion
P35815,Ppm1b,-0.01763,-0.01508,Other
P35952,Ldlr,-0.0208,0.01628,Other
P36201,Crip2,-0.01411,0.0201,Other
P36202,Pdlim4,-0.01751,0.01006,Cytoskeleton
P36506,Map2k2,0.01114,-0.00468,Mitochondrion
P36860,Ralb,-0.01804,-0.01874,Other
P36876,Ppp2r2a,0.02325,0.00517,Other
P36970,Gpx4,0.02184,-0.008,Mitochondrion
P36972,Aprt,0.02619,-0.00486,Other
P37199,Nup155,0.02489,0.0057,Nucleus
P37285,Klc1,-0.02406,0.00849,Cytoskeleton
P37397,Cnn3,-0.02053,0.01043,Cytoskeleton
P37727,Chm,-0.00532,-0.014,Other
P37996,Arl3,-0.00627,0.01839,Cytoskeleton
P38062,Metap2,-0.02533,-0.00173,Other
P38650,Dync1h1,0.02675,0.01251,Cytoskeleton
P38652,Pgm1,0.01661,-0.01415,Other
P38656,Ssb,-0.01993,0.00807,Nucleus
P38659,Pdia4,-0.02768,-0.00581,Other
P38718,Mpc2,0.01347,0.02272,Mitochondrion
P38983,Rpsa,0.02444,-0.0095,Other
P39052,Dnm2,-0.00453,0.0137,Cytoskeleton
P39069,Ak1,-0.01715,-9.1e-4,Cytoskeleton
P39948,Ccnd1,0.02343,0.00502,Cytoskeleton
P39949,Ccne1,-0.00783,-0.02795,Cytoskeleton
P39951,Cdk1,0.01761,-0.0089,Mitochondrion
P40112,Psmb3,0.02578,-0.00386,Other
P40190,Il6st,-0.01019,-0.00146,Other
P40307,Psmb2,0.02696,-0.00559,Other
P40329,Rars1,0.02517,-0.00775,Other
P40615,Dkc1,0.00846,-0.01119,Nucleus
P41123,Rpl13,-0.02615,-0.00407,Nucleus
P41350,Cav1,-0.00615,0.00686,Nucleus
P41498,Acp1,0.00911,-0.00446,Other
P41499,Ptpn11,-0.00799,0.0015,Mitochondrion
P41516,Top2a,-0.0027,0.00385,Cytoskeleton
P41542,Uso1,-0.02395,-0.00601,Cytoskeleton
P41562,Idh1,-7.6e-4,0.02452,Mitochondrion
P41565,Idh3g,0.02757,-0.00951,Mitochondrion
P41738,Ahr,8.9e-4,-0.02378,Nucleus
P41740,Npr3,-0.00279,-0.0082,Other
P41777,Nolc1,3.2e-4,0.00879,Nucleus
P42123,Ldhb,0.02759,-0.00293,Mitochondrion
P42346,Mtor,0.01057,-1.1e-4,Mitochondrion
P42533,F3,-0.00611,0.00483,Other
P42667,Sec11a,0.01681,0.00726,Nucleus
P42676,Nln,0.01687,-0.01801,Mitochondrion
P42893,Ece1,-0.0039,0.01079,Nucleus
P42930,Hspb1,-0.01647,-0.02756,Cytoskeleton
P43138,Apex1,-0.00966,-0.02124,Mitochondrion
P43244,Matr3,0.00163,6.7e-4,Nucleus
P43278,H1-0,-0.00376,0.00604,Other
P43424,Galt,-0.01293,0.00161,Other
P45479,Ppt1,0.00367,-0.03016,Other
P45592,Cfl1,-0.01109,0.00864,Mitochondrion
P45953,Acadvl,0.00639,-0.0273,Mitochondrion
P46413,Gss,0.00899,-0.02068,Other
P46462,Vcp,0.01763,-0.02149,Nucleus
P46844,Blvra,0.02412,6e-5,Other
P47196,Akt1,-0.00216,-0.02038,Mitochondrion
P47197,Akt2,-0.00294,0.01374,Other
P47198,Rpl22,0.0156,-0.02305,Other
P47245,Nrdc,0.00812,6.5e-4,Mitochondrion
P47727,Cbr1,0.02072,-0.0064,Other
P47816,Pdcd2,-0.01057,-0.0089,Nucleus
P47853,Bgn,-9.5e-4,0.0224,Other
P47858,Pfkm,-0.01706,0.01003,Other
P47860,Pfkp,0.00799,-0.00395,Other
P47875,Csrp1,-0.0102,-0.00699,Other
P47942,Dpysl2,0.0159,-0.02604,Cytoskeleton
P48004,Psma7,0.02333,-0.00664,Other
P48037,Anxa6,0.02519,-0.01113,Mitochondrion
P48450,Lss,-0.00208,0.00344,Nucleus
P48500,Tpi1,0.01431,0.00841,Other
P48508,Gclm,0.01074,-0.01637,Other
P48679,Lmna,1.7e-4,1e-4,Cytoskeleton
P48721,Hspa9,-0.02159,-0.00319,Mitochondrion
P48961,Ccnd3,0.01966,0.00435,Cytoskeleton
P49088,Asns,-0.01694,0.02285,Other
P49134,Itgb1,-0.00676,-0.00495,Cytoskeleton
P49185;P49187,Mapk10;Mapk8,0.01523,-0.00198,Other
P49242,Rps3a,-0.0177,-0.01122,Nucleus
P49432,Pdhb,0.02088,-0.00833,Mitochondrion
P49616,Plaur,-0.00515,0.02622,Nucleus
P49791,Nup153,-0.00211,-0.01384,Nucleus
P49793,Nup98,0.00265,0.00401,Nucleus
P49806,Rgs10,0.01607,0.01761,Nucleus
P49816,Tsc2,-0.0088,0.0154,Nucleus
P49911,Anp32a,-0.0227,-0.00318,Nucleus
P50137,Tkt,-0.01484,0.03027,Other
P50279,Stx2,-6.5e-4,0.00864,Other
P50297,Nat1,0.01906,-0.00774,Other
P50393,Pla2g4a,0.004,-0.02342,Mitochondrion
P50398,Gdi1,0.00146,0.02144,Other
P50399,Gdi2,0.01852,0.02369,Other
P50408,Atp6v1f,-0.02131,-0.00356,Other
P50411,Ppp1r2,-0.0131,-0.00992,Other
P50430,Arsb,-0.01004,-0.01706,Other
P50442,Gatm,0.01327,0.01521,Mitochondrion
P50463,Csrp3,0.0128,0.00686,Other
P50475,Aars1,0.01435,0.01605,Other
P50503,St13,-0.02359,0.00154,Other
P50753,Tnnt2,0.00118,0.00101,Cytoskeleton
P50878,Rpl4,0.00253,0.03302,Nucleus
P50904,Rasa1,0.02143,-0.00477,Other
P51111,Htt,-0.01525,0.01789,Cytoskeleton
P51145,Fosl2,-0.00596,-0.01553,Nucleus
P51146,Rab4b,0.01767,0.01054,Nucleus
P51158,Rab28,0.01287,-0.02122,Cytoskeleton
P51514,Tcf12,0.00301,-0.02834,Nucleus
P51556,Dgka,0.00938,0.01649,Other
P51577,P2rx4,0.01022,-0.001,Nucleus
P51583,Paics,-0.0266,-4.5e-4,Mitochondrion
P51593,Huwe1,-0.02114,-0.01595,Mitochondrion
P51607,Renbp,0.00642,-0.0039,Other
P51635,Akr1a1,0.02531,-0.00738,Other
P51638,Cav3,0.00732,0.01742,Other
P51796,Clcn5,-0.00645,0.01975,Other
P51799,Clcn7,-0.00663,0.00241,Other
P51868,Casq2,0.02125,-0.01127,Nucleus
P52020,Sqle,0.022,0.00349,Nucleus
P52296,Kpnb1,0.0243,-0.01048,Nucleus
P52303,Ap1b1,0.01092,0.0072,Other
P52481,Cap2,-0.01862,-0.01748,Other
P52555,Erp29,-0.02658,-0.00285,Other
P52590,Nup107,0.00609,-7.5e-4,Nucleus
P52591,Pom121,0.00151,0.00093000000000000005,Nucleus
P52631,Stat3,0.02361,0.00723,Mitochondrion
P52759,Rida,0.01348,0.00583,Mitochondrion
P52873,Pc,0.00688,0.01315,Mitochondrion
P52909,Jund,-0.00453,-0.00971,Nucleus
P52925,Hmgb2,-0.02573,0.00686,Nucleus
P52944,Pdlim1,-0.02415,-0.00934,Cytoskeleton
P53042,Ppp5c,0.01505,-0.02059,Other
P53534,Pygb,0.02302,0.00475,Other
P53563,Bcl2l1,-0.00491,-3e-4,Mitochondrion
P53565,Cux1,-0.00153,-0.01532,Nucleus
P53676,Ap3m1,0.01518,0.01554,Other
P53678,Ap3m2,-0.01641,-0.00335,Other
P53812,Pitpnb,-0.01311,-0.02409,Nucleus
P53817,Plaat3,0.01015,0.01015,Mitochondrion
P53987,Slc16a1,-0.01001,-0.01039,Cytoskeleton
P54001,P4ha1,0.02038,-0.01367,Other
P54275,Msh2,-0.0123,-0.01639,Nucleus
P54287,Cacnb3,0.01954,-0.00343,Other
P54290,Cacna2d1,-0.00393,-0.00416,Other
P54311,Gnb1,0.01244,0.02324,Other
P54313,Gnb2,0.02302,0.01117,Nucleus
P54319,Plaa,-0.01642,0.00405,Other
P54645,Prkaa1,0.00411,-0.01427,Cytoskeleton
P54690,Bcat1,0.0262,0.00417,Mitochondrion
P54759,Epha7,0.01868,-0.01512,Other
P54921,Napa,0.01852,0.01021,Mitochondrion
P55009,Aif1,0.0115,7.2e-4,Cytoskeleton
P55043,Rrad,0.00177,-0.03266,Other
P55053,Fabp5,-0.02094,0.00578,Other
P55062,Tmbim6,0.01675,0.01355,Nucleus
P55063,Hspa1l,-0.01687,-0.01264,Nucleus
P55161,Nckap1,0.02283,0.01858,Cytoskeleton
P55213,Casp3,0.02024,-0.0159,Mitochondrion
P55260,Anxa4,0.01678,-0.00352,Nucleus
P55272,Cdkn2b,-0.01798,0.01377,Other
P55770,Snu13,-1.8e-4,0.00295,Nucleus
P56536,Kif5c,0.00264,0.01041,Cytoskeleton
P56558,Ogt,0.00646,-0.00214,Mitochondrion
P56571,P56571,-0.00644,0.01831,Other
P56574,Idh2,0.02096,-0.01042,Mitochondrion
P56603,Scamp1,-0.0252,-0.00515,Other
P57113,Gstz1,0.01234,0.00811,Mitochondrion
P57769,Snx16,-8.2e-4,9e-5,Other
P58200,Vti1b,-0.0224,-0.00199,Nucleus
P58405,Strn3,-0.00109,-0.0241,Other
P58775,Tpm2,-0.01244,0.01672,Cytoskeleton
P59215,Gnao1,8.5e-4,0.01157,Other
P59722,Egln1,0.00241,-0.00733,Other
P59798,Selenok,6.6e-4,-0.00194,Nucleus
P59895,Nek6,0.01232,-0.00206,Cytoskeleton
P60123,Ruvbl1,0.0228,-0.01624,Cytoskeleton
P60192,Snapin,-0.01292,-0.02782,Cytoskeleton
P60522,Gabarapl2,0.01916,0.01227,Nucleus
P60711,Actb,0.02679,0.00571,Cytoskeleton
P60815,Flvcr2,-0.01258,-0.00643,Mitochondrion
P60825,Cirbp,4.6e-4,-6.6e-4,Nucleus
P60841,Ensa,-0.02257,0.01439,Other
P60868,Rps20,0.02512,-0.01015,Other
P60892,Prps1,0.02721,0.00141,Other
P60901,Psma6,0.02572,-5.7e-4,Nucleus
P60905,Dnajc5,-0.00373,-0.01786,Mitochondrion
P61023,Chp1,-0.00689,-0.00842,Cytoskeleton
P61078,Ube2d3,0.024,0.0025,Other
P61107,Rab14,-0.01533,-0.01306,Nucleus
P61149,Fgf1,-0.01672,-0.01818,Other
P61203,Cops2,0.01618,-0.00529,Nucleus
P61206;P84079,Arf1;Arf3,0.01854,0.01886,Other
P61212,Arl1,0.01573,-3.6e-4,Other
P61227,Rap2b,0.00864,-0.00271,Other
P61314,Rpl15,0.00112,0.03598,Other
P61354,Rpl27,-0.0223,-0.0049,Nucleus
P61480,Wdr12,-0.00978,0.02342,Nucleus
P61515,Rpl37a,-0.00395,0.02454,Other
P61589,Rhoa,-0.02449,0.00324,Nucleus
P61621,Sec61a1,0.02807,0.00891,Nucleus
P61751,Arf4,0.0249,0.00167,Other
P61765,Stxbp1,-0.01811,-0.00423,Mitochondrion
P61805,Dad1,0.01736,0.02116,Nucleus
P61959,Sumo2,-0.02123,-0.00108,Nucleus
P61972,Nutf2,-0.01066,0.01525,Nucleus
P61980,Hnrnpk,0.01063,-0.02551,Cytoskeleton
P61983,Ywhag,0.01852,-0.01247,Mitochondrion
P62074,Timm10,0.01578,-0.01064,Mitochondrion
P62076,Timm13,-0.02105,-0.02164,Mitochondrion
P62078,Timm8b,-0.00322,-0.01661,Mitochondrion
P62083,Rps7,-0.00927,2e-4,Cytoskeleton
P62138,Ppp1ca,0.02689,-7.9e-4,Nucleus
P62142,Ppp1cb,0.02372,-0.00588,Nucleus
P62168,Ncs1,-0.01539,-0.01995,Nucleus
P62193,Psmc1,0.02235,-0.00433,Other
P62198,Psmc5,0.0208,-0.01319,Nucleus
P62243,Rps8,0.01065,0.0081,Nucleus
P62246,Rps15a,0.02166,0.00518,Nucleus
P62250,Rps16,-0.01743,8.3e-4,Nucleus
P62255,Ube2g1,0.0213,0.00857,Other
P62260,Ywhae,0.02246,-0.00836,Mitochondrion
P62268,Rps23,-0.01335,0.02195,Nucleus
P62271,Rps18,0.02138,-0.01742,Other
P62275,Rps29,-0.00241,0.0041,Nucleus
P62278,Rps13,0.02218,0.01003,Nucleus
P62282,Rps11,-0.01687,0.01921,Nucleus
P62329,Tmsb4x,-0.00979,-0.01292,Other
P62332,Arf6,0.02693,-0.01104,Cytoskeleton
P62425,Rpl7a,-0.00421,0.01419,Nucleus
P62489,Polr2g,0.01467,-0.0094,Nucleus
P62494,Rab11a,0.00893,0.00326,Cytoskeleton
P62501,Tsc22d1,-0.01933,-0.00785,Mitochondrion
P62521,Ccdc8,-2.4e-4,-0.00724,Cytoskeleton
P62628,Dynlrb1,-0.02007,-0.01568,Cytoskeleton
P62630,Eef1a1,0.01578,0.01375,Cytoskeleton
P62634,Cnbp,-0.02128,0.01596,Other
P62703,Rps4x,-0.00939,-0.01726,Nucleus
P62716,Ppp2cb,0.02377,0.00457,Cytoskeleton
P62718,Rpl18a,0.02471,0.01172,Other
P62738,Acta2,0.00736,0.00242,Cytoskeleton
P62744,Ap2s1,-2.5e-4,0.01438,Other
P62747,Rhob,0.0193,-0.01123,Other
P62749,Hpcal1,-0.00506,0.00493,Other
P62752,Rpl23a,-0.00245,0.0118,Nucleus
P62755,Rps6,-0.02062,0.00443,Other
P62762,Vsnl1,-0.00138,0.01461,Other
P62775,Mtpn,-0.02523,-0.01295,Cytoskeleton
P62804,H4c2,0.00946,0.01172,Other
P62815,Atp6v1b2,-0.0016,0.01056,Cytoskeleton
P62828,Ran,0.01442,0.0212,Cytoskeleton
P62832,Rpl23,-0.00765,0.01469,Nucleus
P62836,Rap1a,-0.00549,0.01729,Nucleus
P62839,Ube2d2,0.01196,-0.00251,Other
P62845,Rps15,-0.00371,0.02816,Other
P62850,Rps24,-0.01795,0.01466,Nucleus
P62853,Rps25,0.00501,-0.02784,Nucleus
P62856,Rps26,0.01608,0.01112,Other
P62859,Rps28,-0.01739,-0.01086,Nucleus
P62870,Elob,-0.0243,0.01081,Nucleus
P62890,Rpl30,0.0092,0.01648,Other
P62898,Cycs,-0.02295,0.01357,Mitochondrion
P62902,Rpl31,-0.02165,0.00645,Other
P62907,Rpl10a,-0.00991,-0.02849,Nucleus
P62909,Rps3,0.01086,0.00787,Mitochondrion
P62912,Rpl32,-0.01273,-0.00162,Other
P62914,Rpl11,0.01458,-0.025,Nucleus
P62916,Gtf2b,0.0036,0.00585,Nucleus
P62919,Rpl8,-0.00473,0.02977,Nucleus
P62944,Ap2b1,0.02606,0.00496,Other
P62959,Hint1,-0.0177,-0.02554,Other
P62961,Ybx1,-0.00916,-0.01392,Nucleus
P62963,Pfn1,0.02821,-0.0058,Other
P62982,Rps27a,-0.02234,-0.00937,Mitochondrion
P62994,Grb2,0.00789,0.01701,Nucleus
P62997,Tra2b,0.00999,0.01262,Nucleus
P63003,Tle5,-0.01095,-0.01538,Other
P63004,Pafah1b1,0.01788,0.02469,Cytoskeleton
P63012,Rab3a,-0.01354,-0.00877,Nucleus
P63014,Prrx1,-6.1e-4,-0.01893,Nucleus
P63018,Hspa8,-0.02018,-0.00441,Nucleus
P63025,Vamp3,-0.02631,0.00898,Nucleus
P63029,Tpt1,-0.00618,-0.01565,Cytoskeleton
P63031,Mpc1,0.00893,0.0015,Mitochondrion
P63035,Cyth2,0.00918,0.01304,Other
P63036,Dnaja1,-0.015,0.02208,Mitochondrion
P63039,Hspd1,-0.00835,0.0057,Mitochondrion
P63045,Vamp2,-0.01689,0.02239,Nucleus
P63074,Eif4e,-0.00555,0.00353,Nucleus
P63081,Atp6v0c,0.01794,0.01772,Other
P63086,Mapk1,0.00607,-0.01635,Mitochondrion
P63088,Ppp1cc,0.00791,-0.01515,Mitochondrion
P63100,Ppp3r1,-0.02455,-0.01591,Other
P63102,Ywhaz,-0.00359,0.02914,Other
P63149,Ube2b,-0.01011,-0.02088,Nucleus
P63155,Crnkl1,0.00303,-6e-5,Nucleus
P63159,Hmgb1,-0.02304,0.0152,Other
P63164;P17136,Snrpb;Snrpn,0.01769,0.01866,Other
P63170,Dynll1,0.00595,0.02367,Mitochondrion
P63174,Rpl38,9e-5,1.5e-4,Other
P63219,Gng5,-0.01654,0.01919,Other
P63245,Rack1,0.02748,0.01181,Mitochondrion
P63249,Pkia,-0.00888,0.00706,Other
P63259,Actg1,-0.00918,-0.00641,Cytoskeleton
P63281,Ube2i,-0.01129,0.02621,Nucleus
P63312,Tmsb10,-0.00644,0.01944,Other
P63322,Rala,0.01843,-0.02022,Mitochondrion
P63324,Rps12,-0.00839,0.03534,Nucleus
P63326,Rps10,0.01363,-0.01047,Nucleus
P63329,Ppp3ca,0.02237,-0.00918,Mitochondrion
P63331,Ppp2ca,-0.02002,-0.01513,Mitochondrion
P67779,Phb1,0.02669,0.00183,Mitochondrion
P67874,Csnk2b,-0.01307,0.02079,Nucleus
P68101,Eif2s1,0.02203,-0.00632,Mitochondrion
P68136,Acta1,0.00952,0.00199,Cytoskeleton
P68182,Prkacb,0.02183,-0.01005,Cytoskeleton
P68255,Ywhaq,0.00917,0.03566,Other
P68511,Ywhah,0.02318,-0.01411,Mitochondrion
P68907,Pdzrn3,-0.00104,-0.01653,Other
P69060,Cmas,0.00847,0.01147,Nucleus
P69682,Necap1,-0.01241,-0.01567,Other
P69735,Rab3gap1,0.00482,0.00915,Nucleus
P69736,Edf1,-0.0227,0.00874,Other
P69897,Tubb5,0.01456,0.01057,Cytoskeleton
P70470,Lypla1,0.02051,0.02328,Mitochondrion
P70473,Amacr,0.01103,0.00179,Mitochondrion
P70483,Strn,-0.01495,-0.02585,Other
P70490,Mfge8,0.02322,0.00192,Other
P70496,Pld1,-0.00309,-0.02348,Nucleus
P70500,Cdipt,0.02062,3.2e-4,Nucleus
P70501,Rbm10,0.01264,0.00872,Nucleus
P70541,Eif2b3,0.00442,0.02853,Other
P70550,Rab8b,0.00178,0.00239,Nucleus
P70560,Col12a1,-0.01804,-0.00313,Other
P70580,Pgrmc1,-0.02614,0.01014,Mitochondrion
P70581,Nup58,1.4e-4,0.02333,Nucleus
P70582,Nup54,0.01051,-0.03184,Nucleus
P70583,Dut,-0.01622,-0.01037,Mitochondrion
P70584,Acadsb,0.00939,-0.0058,Mitochondrion
P70615,Lmnb1,0.00497,-0.00135,Cytoskeleton
P70618,Mapk14,0.01849,-0.01079,Mitochondrion
P70619,Gsr,-0.00815,-0.01355,Mitochondrion
P70645,Blmh,0.02715,0.00388,Other
P70705,Atp7a,-0.0049,0.00862,Nucleus
P80254,Ddt,-0.01487,0.00501,Other
P80349,P80349,-0.01985,0.00169,Other
P80385,Prkag1,0.01157,0.00768,Other
P80386,Prkab1,-0.00842,0.03449,Other
P80431,Cox7b,0.01222,0.02141,Mitochondrion
P80432,Cox7c,5.2e-4,0.01996,Mitochondrion
P81128,Arhgap35,-0.01239,-0.00498,Cytoskeleton
P81155,Vdac2,0.02473,-0.00436,Mitochondrion
P81795,Eif2s3,-0.01123,0.00898,Other
P81799,Nagk,0.02532,0.01707,Other
P82458,Mid1,0.01582,0.00695,Cytoskeleton
P82471,Gnaq,0.00225,-0.02916,Nucleus
P82808,Gfpt1,0.02579,0.00872,Other
P82995,Hsp90aa1,0.00258,-0.02869,Mitochondrion
P83006,Pafah2,0.00689,-0.02319,Nucleus
P83565,Mrpl40,-0.00147,0.01466,Mitochondrion
P83732,Rpl24,-0.02114,0.02497,Other
P83868,Ptges3,-0.0262,0.00524,Nucleus
P83871,Phf5a,0.00289,0.00393,Nucleus
P83883,Rpl36a,-0.02015,0.01853,Other
P83888,Tubg1,0.01761,-0.01631,Cytoskeleton
P83941,Eloc,0.0139,0.02847,Nucleus
P83953,Kpna1,0.0194,-0.0219,Nucleus
P84025,Smad3,0.0032,-0.01202,Nucleus
P84082,Arf2,0.02614,-0.00151,Other
P84083,Arf5,0.0238,-0.014,Mitochondrion
P84087,Cplx2,-0.01265,0.01634,Other
P84092,Ap2m1,0.00309,0.02189,Other
P84100,Rpl19,-0.02061,-0.01509,Nucleus
P84109,Sorbs1,-0.00659,0.01135,Cytoskeleton
P84245,H3-3b,0.00416,0.01166,Other
P84586,Rbmxrtl,-0.00312,0.01691,Other
P84817,Fis1,0.02443,0.01529,Mitochondrion
P84850,D2hgdh,-0.01909,4.8e-4,Mitochondrion
P84903,Stim1,-0.00348,0.00492,Cytoskeleton
P85007,Ier3ip1,0.0202,0.00247,Other
P85108,Tubb2a,-0.01388,0.00881,Cytoskeleton
P85125,Cavin1,0.00582,-0.00546,Mitochondrion
P85515,Actr1a,0.02026,0.00497,Cytoskeleton
P85834,Tufm,0.00256,-0.02955,Mitochondrion
P85845,Fscn1,0.00827,0.0325,Cytoskeleton
P85968,Pgd,-0.0148,0.00583,Other
P85970,Arpc2,0.01838,0.01676,Cytoskeleton
P85971,Pgls,-0.01822,0.00374,Other
P85972,Vcl,-0.00589,0.00259,Cytoskeleton
P85973,Pnp,0.02471,-0.00541,Other
P86172,Nmral1,-0.01952,0.0035,Nucleus
P86182,Ccdc22,-0.00899,0.00127,Cytoskeleton
P86252,Pura,0.01574,0.01153,Other
P97519,Hmgcl,0.01128,-0.0064,Mitochondrion
P97521,Slc25a20,0.01946,0.01762,Mitochondrion
P97531,Trip10,-0.01659,0.0133,Nucleus
P97532,Mpst,-0.00562,0.02703,Mitochondrion
P97536,Cand1,0.01801,0.00593,Other
P97541,Hspb6,-0.02233,0.00118,Nucleus
P97546,Nptn,-0.00247,-0.02163,Other
P97570,Pla2g6,0.00899,0.01859,Mitochondrion
P97571,Capn1,-9.4e-4,0.01523,Mitochondrion
P97576,Grpel1,-0.00966,0.00386,Mitochondrion
P97578,Fez2,-0.00377,-0.00917,Other
P97584,Ptgr1,-0.00204,-1.3e-4,Other
P97586,Cgref1,-0.02457,0.01189,Other
P97588,Smad1,0.00852,0.0028,Nucleus
P97603,Neo1,-0.01373,-0.0124,Other
P97608,Oplah,0.01859,-0.01215,Other
P97615,Txn2,-0.01711,-0.01047,Mitochondrion
P97629,Lnpep,0.01365,-0.00434,Nucleus
P97633,Csnk1a1,3e-4,0.02456,Cytoskeleton
P97680,Rin1,-0.00245,-0.01522,Other
P97687,Entpd1,-0.00662,-3.5e-4,Other
P97690,Smc3,-0.01634,-0.01807,Cytoskeleton
P97697,Impa1,-8.2e-4,-0.00294,Other
P97700,Slc25a11,0.02276,-0.01258,Mitochondrion
P97829,Cd47,-0.01769,-0.0233,Other
P97834,Gps1,0.02627,-3e-5,Nucleus
P97839,Dlgap4,-0.01799,0.01077,Other
P97849,Slc27a1,-0.00335,0.00564,Nucleus
P97852,Hsd17b4,0.00215,-0.00326,Mitochondrion
P97874,Gak,-1e-4,-0.00529,Nucleus
P97878,Exoc5,-0.00404,0.0156,Other
P97887,Psen1,-7.4e-4,0.01775,Mitochondrion
P97924,Kalrn,-0.00725,-0.00961,Cytoskeleton
P98166,Vldlr,-0.00942,0.02296,Other
Q00238,Icam1,-0.022,-0.01408,Other
Q00438,Ptbp1,-0.00941,-0.00273,Nucleus
Q00715,Q00715,6.9e-4,0.00809,Other
Q00918,Ltbp1,-0.00817,-0.01675,Other
Q00972,Bckdk,-0.00382,-0.02285,Mitochondrion
Q00981,Uchl1,-0.00975,-0.00574,Nucleus
Q01177,Plg,0.00858,0.00988,Other
Q01205,Dlst,0.02512,0.00147,Mitochondrion
Q01460,Ctbs,-0.00347,0.02301,Other
Q01714,Sp1,-0.00924,0.02383,Nucleus
Q01750,Gtf2f2,-0.00263,-0.00674,Cytoskeleton
Q01986,Map2k1,0.02054,-0.00817,Mitochondrion
Q01992,Mipep,0.00392,-0.01167,Mitochondrion
Q02253,Aldh6a1,0.02156,-0.00699,Mitochondrion
Q02356,Ampd2,-0.02555,-0.00845,Other
Q02589,Adprh,0.01774,0.00605,Other
Q02769,Fdft1,0.0211,-0.0022,Nucleus
Q03114,Cdk5,0.01165,-0.01411,Cytoskeleton
Q03344,Atp5if1,-0.00834,0.00267,Mitochondrion
Q03346,Pmpcb,0.02425,-0.00993,Mitochondrion
Q03348,Ptpra,-0.01223,0.01877,Other
Q04462,Vars1,-0.01846,0.0203,Other
Q04631,Fnta,0.02401,0.01649,Cytoskeleton
Q04753,Clns1a,-0.01653,-0.01386,Cytoskeleton
Q04827,Ccnd2,-0.01995,-0.01397,Cytoskeleton
Q04931,Ssrp1,0.01951,-0.02045,Nucleus
Q04970,Nras,-0.00245,-0.00398,Nucleus
Q05030,Pdgfrb,0.01098,0.00131,Other
Q05175,Basp1,-0.01451,0.00407,Nucleus
Q05962,Slc25a4,0.01808,0.01854,Mitochondrion
Q05982,Nme1,0.01442,0.02302,Other
Q06000,Lpl,-0.00225,0.01045,Other
Q06647,Atp5po,0.02169,-0.00822,Mitochondrion
Q06C60,Bola1,-0.01141,-0.00793,Mitochondrion
Q07009,Capn2,0.00796,-0.00823,Cytoskeleton
Q07205,Eif5,0.00172,0.02626,Other
Q07257,Tgfb2,-0.02528,0.00269,Other
Q07258,Tgfb3,-0.00581,0.00928,Other
Q07266,Dbn1,-0.01301,0.0072,Cytoskeleton
Q07647,Slc2a3,-0.01538,-0.01343,Other
Q07803,Gfm1,-0.00446,-0.01042,Mitochondrion
Q07936,Anxa2,0.02637,-0.00459,Nucleus
Q07984,Ssr4,0.02766,0.00564,Nucleus
Q08013,Ssr3,-0.00367,0.02634,Nucleus
Q08163,Cap1,0.00437,-0.01713,Cytoskeleton
Q08290,Cnn1,-0.0249,9.1e-4,Cytoskeleton
Q08326,Rabif,-0.0089,0.01727,Other
Q08415,Kyat1,0.01781,-0.00139,Mitochondrion
Q08463,Fzd1,-0.00887,0.00141,Other
Q08464,Fzd2,-0.01393,0.02537,Other
Q08602,Rabggta,0.01768,-0.00681,Other
Q08603,Rabggtb,-0.0022,-0.00853,Other
Q08849,Stx3,-7.8e-4,0.00462,Other
Q08850,Stx4,-0.01733,0.0029,Cytoskeleton
Q08851,Stx5,-0.00297,-0.01375,Nucleus
Q09073,Slc25a5,0.01509,0.0231,Mitochondrion
Q09167,Srsf5,-0.02267,0.01786,Nucleus
Q09325,Mgat1,0.0096,-0.00894,Nucleus
Q09326,Mgat2,0.00359,-0.01174,Other
Q0D2L2,Mrps22,0.00904,-0.01026,Mitochondrion
Q0H8B9,Clec2d11,0.00788,-0.00978,Other
Q0KL00,Piezo1,-0.01485,0.01563,Cytoskeleton
Q0PMD2,Antxr1,0.01529,-0.00401,Cytoskeleton
Q0VGK4,Gdpd1,0.02335,0.01942,Nucleus
Q0ZHH6,Atl3,0.00117,-0.02462,Nucleus
Q10473,Galnt1,-4.1e-4,0.01618,Nucleus
Q10728,Ppp1r12a,-0.01938,-0.00491,Cytoskeleton
Q10739,Mmp14,0.01685,-0.02332,Other
Q10743,Adam10,9.5e-4,-0.00972,Nucleus
Q157S1,Crtc1,0.00093000000000000005,-0.01894,Nucleus
Q1AAU6,Asap1,-0.02342,0.01255,Cytoskeleton
Q1H5H1,Selenot,-0.00332,-0.01209,Nucleus
Q1JU68,Eif3a,-1.1e-4,-0.0049,Cytoskeleton
Q1RP74,Tbcb,-0.01309,-0.02167,Cytoskeleton
Q1RP77,Nop16,-0.0161,0.02548,Nucleus
Q1WIM1,Cadm4,-0.01343,0.02635,Other
Q27W01,Rbm8a,-9.1e-4,0.01331,Nucleus
Q27W02,Magoh,0.01869,-0.00841,Nucleus
Q29RW1,Myh4,-0.02203,-0.01696,Cytoskeleton
Q2A121,Fto,0.02167,-0.00584,Nucleus
Q2EJA0,Yap1,-0.02379,0.01561,Nucleus
Q2HWF0,Fnbp1l,-0.01177,0.00467,Other
Q2IBC5,Cav2,-0.01826,0.01675,Nucleus
Q2KJ09,Usp16,0.00407,0.00884,Other
Q2KMM2,Trappc1,0.00283,0.02208,Other
Q2KN99,Specc1l,-0.00973,0.00521,Cytoskeleton
Q2LAP6,Tes,-3.3e-4,0.01477,Other
Q2LC84,Numb,0.00392,0.00351,Other
Q2M1K6,Slc39a13,0.01928,0.02717,Nucleus
Q2M2R8,Pex5,0.00445,-0.02065,Mitochondrion
Q2MCP5,Wdr45b,1.2e-4,-0.00457,Other
Q2MJT0,Mef2a,-0.00866,0.00163,Nucleus
Q2PQA9,Kif5b,-0.02534,-0.00644,Mitochondrion
Q2PS20,Jph2,-0.00693,-0.01162,Nucleus
Q2TA68,Opa1,0.00103,-0.02268,Mitochondrion
Q2TGK3,Zdhhc3,0.01071,0.01385,Other
Q2THW7,Zdhhc5,-0.00792,5.6e-4,Other
Q2TL32,Ubr4,-0.00337,0.01505,Other
Q2YDU8,Spns1,0.02032,-0.01301,Mitochondrion
Q304F3,Tnnc2,-0.01672,-0.00479,Cytoskeleton
Q32KJ5,Gns,-0.02035,-0.00419,Other
Q32KJ6,Galns,-0.01665,0.02624,Other
Q32KK0,Arsl,0.01215,0.01127,Other
Q32KK2,Arsa,-0.01254,0.0255,Other
Q32PX2,Aimp2,0.02409,-0.00692,Other
Q32PX6,Rhog,8.4e-4,0.02911,Nucleus
Q32PX7,Fubp1,-0.02477,0.00321,Other
Q32PZ3,Unc45a,0.01883,-0.01565,Nucleus
Q32Q06,Ap1m1,0.0097,0.01082,Other
Q32Q54,Uqcc1,0.00848,-0.00521,Mitochondrion
Q32WR5,Bloc1s2,-0.01876,-1.3e-4,Mitochondrion
Q3B7D0,Cpox,0.01961,-0.00856,Mitochondrion
Q3B7D1,Ube2z,0.02118,0.00328,Other
Q3B7D2,Sptlc2,0.00292,0.01819,Mitochondrion
Q3B7T8,Cep44,0.00247,0.00977,Cytoskeleton
Q3B7U1,Maged2,-0.02238,-0.00509,Nucleus
Q3B7U4,Ctu2,0.01723,0.00303,Other
Q3B7U9,Fkbp8,0.00748,-0.02728,Mitochondrion
Q3B8N7,Tsc22d4,-0.00689,-0.01934,Other
Q3B8N8,Pes1,0.00717,0.00713,Nucleus
Q3B8Q0,Mapre2,-0.00713,-0.00437,Cytoskeleton
Q3B8Q1,Ddx21,6.8e-4,0.00867,Mitochondrion
Q3B8Q2,Eif4a3,7.2e-4,0.02394,Nucleus
Q3KR55,U2af1,0.02445,0.00636,Nucleus
Q3KR56,Gramd1a,0.01078,-0.00725,Nucleus
Q3KR59,Usp10,0.00161,-0.01566,Other
Q3KR86,Immt,-0.00283,-0.01374,Mitochondrion
Q3KR97,Baiap2l1,-0.01596,-0.02405,Cytoskeleton
Q3KRC3,Srpra,-0.00298,-0.01378,Nucleus
Q3KRC4,Gprc5c,-0.00732,-0.01039,Cytoskeleton
Q3KRC5,Dus3l,-0.01588,0.01816,Other
Q3KRD5,Tomm34,6.6e-4,-0.02873,Mitochondrion
Q3KRD8,Eif6,0.02203,0.00449,Cytoskeleton
Q3KRE0,Atad3a,0.00883,-0.0245,Mitochondrion
Q3KRE3,Gng10,-3e-4,0.03371,Other
Q3MHS2,Znf830,-1e-5,-0.02248,Other
Q3MHS7,Gmds,-6.1e-4,-0.01098,Other
Q3MHS8,Sap18,0.00587,-0.00484,Other
Q3MIB4,Lonp2,-0.00914,-0.01312,Other
Q3MID3,Arfgap2,-0.02266,0.01506,Other
Q3MIE4,Vat1,-0.01007,-0.03267,Mitochondrion
Q3MIE7,Commd9,-0.0114,0.02124,Other
Q3MIE9,Sms,0.02267,-0.01237,Other
Q3MIF4,Xylb,0.01941,-0.00611,Other
Q3MQ06,Atg5,0.00398,0.00433,Mitochondrion
Q3SWS8,Rae1,-0.01071,0.02621,Cytoskeleton
Q3SWT1,Nabp2,-0.01561,0.00281,Nucleus
Q3SWT4,Iws1,0.00759,-0.005,Other
Q3SWT5,Slc41a3,0.01476,-0.01272,Mitochondrion
Q3SWU0,Tarbp2,-0.00583,-6e-5,Nucleus
Q3SWU3,Hnrnpdl,-0.01058,0.01292,Nucleus
Q3T1G7,Cog7,-0.0061,0.00574,Other
Q3T1I4,Prrc1,0.01056,-0.01393,Other
Q3T1J1,Eif5a,-0.02186,-0.02206,Nucleus
Q3T1J8,Rtf2,-0.00413,-0.0169,Other
Q3T1J9,Mob1a,0.01014,-0.0156,Other
Q3T1K5,Capza2,0.00949,0.00609,Cytoskeleton
Q3T1L0,Aldh16a1,0.02264,-0.00667,Other
Q3ZAV8,Edc4,-0.01783,-0.02165,Other
Q3ZU82,Golga5,-0.0185,0.00409,Other
Q496Z0,Elp2,0.01673,-0.0203,Nucleus
Q496Z9,Trmt1l,0.00818,0.00202,Nucleus
Q497B0,Nit2,-0.00466,0.01314,Mitochondrion
Q497C3,Mettl26,-0.01914,0.00812,Other
Q498C7,Smim14,0.01425,-0.00967,Nucleus
Q498C8,Rer1,-0.01067,0.0269,Other
Q498D1,Foxp1,-0.00518,0.01491,Nucleus
Q498E0,Txndc12,-0.0244,-0.00674,Other
Q498E2,Tdrp,-0.00326,-0.00801,Mitochondrion
Q498M4,Wdr5,0.01037,0.01824,Cytoskeleton
Q498R1,Mtrr,-0.00786,0.01241,Other
Q498R3,Dnajc10,0.01441,0.02533,Other
Q498R7,Czib,-0.01811,-7.9e-4,Other
Q498T4,Mrpl2,3.2e-4,0.007,Mitochondrion
Q498U4,Sarnp,-0.01401,-0.00116,Nucleus
Q499N5,Acsf2,0.02077,0.0136,Mitochondrion
Q499N6,Ubxn1,-0.02392,-0.01265,Nucleus
Q499P8,Rusf1,-0.01061,0.02761,Other
Q499R4,Yrdc,-0.00261,-0.01115,Mitochondrion
Q499S6,Ctsf,0.00145,-0.00691,Other
Q4AE70,Carm1,-0.00181,0.0017,Nucleus
Q4AEF8,Copg1,0.01115,0.02147,Nucleus
Q4FZT0,Stoml2,0.0131,-0.03227,Mitochondrion
Q4FZT2,Ppme1,-0.01049,0.01138,Nucleus
Q4FZT8,Spryd4,0.02096,-0.004,Mitochondrion
Q4FZT9,Psmd2,-0.0053,0.01002,Other
Q4FZU6,Anxa8,0.01319,-0.02249,Other
Q4FZU8,Ripor1,-0.00707,0.02569,Other
Q4FZX7,Srprb,-0.0011,-0.02844,Cytoskeleton
Q4FZY0,Efhd2,-0.0083,0.00266,Other
Q4FZZ1,Pxk,0.00636,0.00658,Other
Q4G009,Mcts1,0.02382,-0.01327,Other
Q4G017,Nisch,0.01717,0.00264,Other
Q4G061,Eif3b,-0.01887,-0.02335,Other
Q4G063,Creld2,-0.00694,0.01656,Other
Q4G069,Rmdn1,0.01374,-0.01209,Mitochondrion
Q4G074,Kifbp,0.00728,-0.01883,Mitochondrion
Q4G075,Serpinb1a,0.02237,0.01788,Other
Q4G079,Aimp1,-0.01936,-0.00899,Other
Q4KLF8,Arpc5,-0.00654,0.0244,Cytoskeleton
Q4KLG3,Svbp,0.0021,-0.00531,Other
Q4KLH4,Pspc1,0.00433,-0.00332,Nucleus
Q4KLH5,Agfg1,-0.01934,0.00736,Nucleus
Q4KLI4,Ppil1,0.00488,0.0102,Nucleus
Q4KLI7,Sf3a3,-0.00401,-0.00304,Nucleus
Q4KLJ8,Pdcl3,-0.01009,0.00582,Nucleus
Q4KLK7,Nop56,0.00528,0.00486,Nucleus
Q4KLK9,Ssu72,-0.00449,-0.00215,Nucleus
Q4KLL0,Tcea1,-0.00969,-0.00974,Nucleus
Q4KLL4,Tm9sf4,0.0028,0.00794,Other
Q4KLN3,Srpk1,-0.01227,-0.02453,Nucleus
Q4KLN6,Rrm2,-0.01849,0.00137,Other
Q4KLN7,Arfgap3,-0.02618,-0.0031,Other
Q4KLY4,Rnf2,0.01077,0.02008,Nucleus
Q4KLZ6,Tkfc,0.01359,-0.01484,Other
Q4KM30,Desi1,-0.00993,-0.00473,Other
Q4KM31,Limd2,-0.01078,0.03361,Cytoskeleton
Q4KM35,Psmb10,0.00827,0.01193,Other
Q4KM49,Yars1,0.01521,0.00171,Nucleus
Q4KM58,Ctnnbip1,-0.01367,-0.00312,Nucleus
Q4KM62,Palmd,-0.02291,0.01678,Cytoskeleton
Q4KM64,Jagn1,0.00301,0.03453,Nucleus
Q4KM65,Nudt21,0.02525,-0.00932,Cytoskeleton
Q4KM73,Cmpk1,-0.02719,-0.00562,Other
Q4KM74,Sec22b,0.024,-0.01426,Nucleus
Q4KM77,Ei24,-0.00445,0.02919,Nucleus
Q4KM87,Actl6a,0.01511,0.00689,Nucleus
Q4KM98,Mff,0.00313,-0.00299,Mitochondrion
Q4KMA2,Rad23b,0.00175,-0.01543,Nucleus
Q4PP99,Tnnc1,-0.01469,-0.01916,Cytoskeleton
Q4QQR9,Memo1,0.01212,0.02838,Other
Q4QQT3,Celf1,0.00655,0.00757,Other
Q4QQU5,Yipf6,0.01493,-0.01814,Other
Q4QQU9,Ostm1,-0.00491,0.02477,Other
Q4QQV1,Tax1bp3,-0.00766,-0.01081,Nucleus
Q4QQV2,Dok1,0.01235,-0.01661,Nucleus
Q4QQV3,Fam162a,0.01748,0.00351,Mitochondrion
Q4QQV8,Chmp5,-0.01788,-0.00248,Cytoskeleton
Q4QQW4,Hdac1,0.00769,0.02397,Nucleus
Q4QQW8,Plbd2,0.00548,0.02847,Other
Q4QR73,Dnaja4,-0.01498,0.02412,Other
Q4QR75,Exosc9,0.00171,0.01165,Nucleus
Q4QR80,Mrps25,0.01439,-0.01375,Mitochondrion
Q4QR85,Wdr77,0.02603,-0.00572,Other
Q4QR99,Qtrt1,0.00807,-0.01885,Mitochondrion
Q4QRB4,Tubb3,-0.00952,0.01969,Cytoskeleton
Q4TU93,Mrc2,-0.0144,-0.01545,Other
Q4V7A0,Skic8,0.01873,-0.00595,Nucleus
Q4V7C1,Cep43,-0.00768,-0.0215,Cytoskeleton
Q4V7C6,Gmps,0.02537,0.0103,Other
Q4V7C7,Actr3,0.02306,0.0098,Cytoskeleton
Q4V7D6,Nif3l1,0.016,-0.0037,Mitochondrion
Q4V7E5,Mtrf1l,-0.0105,-0.0162,Mitochondrion
Q4V7E6,Wwtr1,0.00499,0.00686,Nucleus
Q4V7E8,Lrrfip2,-0.02089,-0.00132,Other
Q4V7F5,Pih1d1,0.00145,-0.03093,Nucleus
Q4V886,Paf1,-0.01674,-0.00224,Nucleus
Q4V887,Slc39a6,-4.6e-4,0.0159,Other
Q4V888,Pip4p2,-0.01655,0.02542,Other
Q4V896,Snx15,0.00649,-0.01071,Other
Q4V899,Tmem165,0.0101,1.1e-4,Other
Q4V8A0,Nsmce2,5e-4,-0.01226,Nucleus
Q4V8B2,Dcun1d3,-9e-5,-0.0048,Nucleus
Q4V8B3,Med24,-0.00649,0.01428,Nucleus
Q4V8C2,Zw10,0.02591,0.00112,Cytoskeleton
Q4V8C3,Eml1,0.00442,0.0199,Cytoskeleton
Q4V8C5,Arl2bp,-0.00879,0.00987,Mitochondrion
Q4V8C7,Prkra,0.02221,-0.01077,Nucleus
Q4V8C8,Cdc73,-0.01283,-0.00841,Nucleus
Q4V8E4,Cfap36,-0.00982,-0.00464,Other
Q4V8F4,Rabepk,0.00705,0.01045,Other
Q4V8F9,Hsdl2,0.02244,0.01702,Mitochondrion
Q4V8H8,Ehd2,0.01733,-0.00329,Nucleus
Q4V8I5,Arl6ip4,0.00251,-0.01494,Nucleus
Q4V8K2,Ctnnbl1,0.00654,-8e-5,Nucleus
Q4V8K3,Naa11,0.003,0.02572,Other
Q4V8K5,Brox,-0.0185,0.0032,Nucleus
Q4VBH2,Trnt1,-0.02008,-0.00465,Mitochondrion
Q4VSI4,Usp7,-0.0047,-0.00268,Nucleus
Q505I4,Q505I4,-0.01268,-0.02028,Other
Q505J8,Farsa,0.01936,-0.02088,Other
Q505J9,Atad1,0.02185,0.00424,Mitochondrion
Q52KK3,Slc25a51,0.00505,4.9e-4,Mitochondrion
Q53UA7,Taok3,0.00332,-0.00983,Other
Q561K4,Ccdc32,-0.01388,0.01142,Other
Q561R9,Lactb2,0.01501,0.02195,Mitochondrion
Q561S0,Ndufa10,-0.00147,0.00235,Mitochondrion
Q562A2,Zfr,-0.00158,0.0061,Other
Q562B5,Pgam5,-0.009,-0.01379,Mitochondrion
Q562C2,Bop1,-0.00345,-8.1e-4,Nucleus
Q562C6,Lztfl1,-0.01333,-0.0198,Cytoskeleton
Q562C9,Adi1,0.00282,0.00883,Other
Q566C7,Nudt3,0.02288,0.01502,Other
Q566E4,Hnrnpr,-0.00694,0.0132,Nucleus
Q566E5,Poglut3,0.01505,-0.02471,Other
Q566Q8,Bles03,0.00321,2.4e-4,Other
Q566R2,Tm2d2,1.9e-4,0.0042,Other
Q568Y3,Rnf185,-0.01658,-0.00287,Mitochondrion
Q568Y7,Olfm2,-0.01314,-0.00108,Other
Q568Z6,Ist1,0.02148,-0.00109,Cytoskeleton
Q569B7,Rwdd4,0.01222,-0.0094,Other
Q569C4,Hdac10,-5.4e-4,0.0293,Nucleus
Q56A18,Smarce1,-0.00215,0.01624,Nucleus
Q56A20,Pik3ip1,0.00224,-0.01995,Other
Q56A27,Ncbp1,0.01459,-0.00745,Other
Q56AP7,Crbn,0.0058,-0.02948,Nucleus
Q56B11,Pelp1,0.0057,0.01732,Nucleus
Q5BJ92,Ppp4c,0.02547,0.01254,Cytoskeleton
Q5BJK8,Golim4,-0.02332,0.00714,Other
Q5BJL5,Sbno1,0.00459,-0.01154,Other
Q5BJN3,Tial1,0.00953,-0.00892,Other
Q5BJN5,Chchd4,-0.005,0.02474,Mitochondrion
Q5BJN8,Sde2,-0.00667,0.00194,Mitochondrion
Q5BJP3,Ufm1,-0.00592,0.00905,Other
Q5BJP5,Tmem230,-0.01678,0.00561,Other
Q5BJP9,Phyhd1,0.00113,0.00278,Other
Q5BJQ2,Mindy1,-4e-4,-0.01789,Other
Q5BJQ6,Cstf1,-0.0031,-0.02301,Nucleus
Q5BJR4,Prune2,0.00715,-0.00421,Other
Q5BJS0,Dhx30,0.01538,-0.01232,Mitochondrion
Q5BJT0,Arglu1,-0.00812,-0.00968,Mitochondrion
Q5BJT4,Txndc15,-0.00149,0.00917,Other
Q5BJT6,Lsg1,-8.9e-4,-0.01809,Nucleus
Q5BJT7,Ccdc93,-0.02079,0.01618,Other
Q5BJU0,Rras2,0.02745,0.00227,Other
Q5BJX0,Ntmt1,0.01378,0.01216,Other
Q5BJX1,Mrpl41,-0.01188,-0.00272,Other
Q5BJY6,Amdhd2,0.02144,-0.01049,Other
Q5BJY8,Manbal,0.02674,0.0016,Other
Q5BJZ3,Nnt,0.01534,-0.0195,Mitochondrion
Q5BJZ6,Carnmt1,-0.00574,-0.01059,Other
Q5BK06,Ccndbp1,0.01327,-0.02098,Nucleus
Q5BK07,Ccdc43,-0.00805,8.6e-4,Other
Q5BK13,Vma12,0.00174,0.00625,Other
Q5BK20,Jpt2,-0.01915,-0.00118,Other
Q5BK32,Faf2,-0.01108,-0.01061,Nucleus
Q5BK62,Mpv17,-0.00451,0.00124,Mitochondrion
Q5BK63,Ndufa9,0.01378,-0.01777,Mitochondrion
Q5BK78,Sumf2,-0.02409,-1.8e-4,Other
Q5BK81,Ptgr2,-0.00773,-0.01748,Other
Q5BK85,Tmed1,0.02336,-0.00969,Nucleus
Q5BKE0,Taf9,0.00262,0.00164,Nucleus
Q5BQE6,Dhcr24,0.01139,0.00168,Nucleus
Q5CD99,Galnt17,0.00404,-0.02825,Other
Q5EAJ6,Ikbip,-1.3e-4,-0.03494,Nucleus
Q5EB68,Ak6,0.01512,-0.01466,Nucleus
Q5EB77,Rab18,0.02449,-0.0135,Nucleus
Q5EB81,Cyb5r1,0.01836,0.02744,Mitochondrion
Q5EB90,Polr2c,1e-5,-0.00379,Nucleus
Q5EB92,Wdr70,-0.01093,-0.00141,Nucleus
Q5EBA1,Supv3l1,0.00772,-0.01459,Mitochondrion
Q5EGY4,Ykt6,-0.00584,-0.03423,Other
Q5EIC4,Irf2bpl,-0.01829,-0.00458,Other
Q5FVC2,Arhgef2,-0.01964,0.00867,Cytoskeleton
Q5FVC5,Nectin2,-0.01914,0.0024,Other
Q5FVC7,Acap2,0.01727,0.00895,Other
Q5FVG2,Epb41l5,0.00687,0.02705,Other
Q5FVH0,C1qtnf5,0.00356,0.02743,Other
Q5FVH2,Pld3,0.02439,-0.01309,Nucleus
Q5FVH4,Aktip,-0.00467,0.01935,Other
Q5FVH7,Mea1,-0.01331,-0.00172,Other
Q5FVI3,Lrrc57,-0.01397,0.01766,Other
Q5FVI6,Atp6v1c1,0.0213,0.00609,Other
Q5FVJ7,Ift22,0.00679,0.00761,Cytoskeleton
Q5FVK6,Cc2d1b,0.00107,0.0133,Nucleus
Q5FVL2,Emc8,0.0115,-0.01117,Nucleus
Q5FVM3,Retreg1,-0.01605,0.01081,Nucleus
Q5FVM4,Nono,5.7e-4,0.01966,Nucleus
Q5FVM6,Mtmr12,0.00916,-0.00205,Other
Q5FVN0,Lpcat3,0.01831,-0.00206,Nucleus
Q5FVN1,Stbd1,-0.02113,0.01047,Nucleus
Q5FVN2,Tmem41b,-0.00412,0.02032,Mitochondrion
Q5FVP5,Wdr89,0.00243,0.01667,Other
Q5FVQ4,Mlec,0.02355,-1.8e-4,Nucleus
Q5FVQ8,Nlrx1,0.00873,-0.00698,Mitochondrion
Q5FVQ9,Tbce,0.02109,0.01453,Cytoskeleton
Q5FVR4,Eri1,-0.01069,-0.00331,Nucleus
Q5FWT1,Fam98a,-2e-5,0.00196,Other
Q5FWT7,Ublcp1,-0.01283,0.00994,Nucleus
Q5FWT9,Sike1,-0.01372,-0.02149,Other
Q5FWU0,Wasf2,-0.01091,-0.02447,Cytoskeleton
Q5FWU3,Atg9a,-0.00471,0.00108,Mitochondrion
Q5FWY5,Aip,-0.01436,0.02264,Other
Q5GFD9,Impact,-0.00639,-0.02412,Other
Q5HZA6,Prepl,-0.00613,-0.0011,Mitochondrion
Q5HZA9,Tmem126a,-0.01807,0.01007,Mitochondrion
Q5HZE2,Tmem120a,0.02138,-0.00288,Nucleus
Q5HZE4,Mri1,0.01722,-0.00433,Other
Q5HZV9,Ppp1r7,0.02,-0.01241,Other
Q5HZX7,Ldah,0.00488,-0.01747,Other
Q5HZY0,Ubxn4,0.00457,0.02671,Nucleus
Q5HZY2,Sar1b,0.02303,0.01225,Nucleus
Q5HZY3,Uchl5,0.02248,3.3e-4,Nucleus
Q5I034,Custos,0.00848,0.02753,Other
Q5I0C3,Mccc1,0.00331,-0.0191,Mitochondrion
Q5I0D1,Glod4,-0.01245,0.00775,Mitochondrion
Q5I0D5,Lhpp,-0.01042,-0.00477,Nucleus
Q5I0D7,Pepd,-0.00151,-0.00791,Other
Q5I0E6,Rpap2,0.00305,0.01654,Nucleus
Q5I0E7,Tmed9,-0.00495,0.01754,Nucleus
Q5I0F0,Drg1,-0.00196,-0.02249,Nucleus
Q5I0G4,Gars1,0.02084,-0.01276,Mitochondrion
Q5I0H3,Sumo1,-0.00756,-0.01076,Nucleus
Q5I0H4,Tmco1,0.01227,-0.00141,Mitochondrion
Q5I0H9,Pdia5,0.02341,0.00381,Nucleus
Q5I0K5,Abhd10,0.01573,-0.01056,Mitochondrion
Q5I0K8,Mrps7,0.02467,0.00579,Mitochondrion
Q5I0L4,Nubp1,-0.00481,0.00914,Cytoskeleton
Q5I0P2,Gcsh,-0.01934,0.01134,Mitochondrion
Q5I6B8,Pip5k1c,0.01592,-0.02435,Other
Q5M7A4,Uba5,0.0108,0.00815,Nucleus
Q5M7T1,Ciao1,0.0256,0.01212,Cytoskeleton
Q5M7T2,Spryd7,0.00153,0.01523,Other
Q5M7T4,Yipf4,-0.01431,-0.02188,Other
Q5M7T5,Serpinc1,-0.01344,-0.0104,Other
Q5M7U6,Actr2,-0.00313,-0.01913,Cytoskeleton
Q5M7V8,Thrap3,-0.01737,0.01646,Nucleus
Q5M7W4,Tmc5,-0.0205,0.00269,Other
Q5M7W5,Map4,-0.02681,-0.00635,Cytoskeleton
Q5M808,Hikeshi,0.01965,0.01483,Other
Q5M818,Mrpl16,0.00887,-0.02831,Mitochondrion
Q5M819,Psph,0.02589,0.00475,Other
Q5M820,Mrfap1,-0.01496,0.01191,Other
Q5M823,Nudcd2,-0.0236,-0.00363,Cytoskeleton
Q5M824,Shc1,-0.00745,-0.00333,Mitochondrion
Q5M827,Pir,-0.02646,0.01026,Nucleus
Q5M830,Rfc3,0.01671,-0.01967,Nucleus
Q5M834,Dtnbp1,-0.02128,-0.00622,Cytoskeleton
Q5M843,Ogfod3,0.01845,0.0078,Other
Q5M856,Spc25,0.00653,0.00569,Nucleus
Q5M862,Ccdc134,0.01005,-0.02107,Other
Q5M883,Clic2,0.0137,0.01346,Other
Q5M887,Trappc13,-0.00448,0.0032,Other
Q5M936,Tor3a,0.00137,0.01528,Nucleus
Q5M939,Hat1,0.02176,-0.02112,Mitochondrion
Q5M965,Thg1l,0.01856,-0.02037,Mitochondrion
Q5M971,Mllt11,-0.0199,-0.00234,Mitochondrion
Q5M9F5,Dph6,0.01422,-0.00507,Other
Q5M9F8,Scyl1,-7.8e-4,-0.0199,Cytoskeleton
Q5M9G1,Hexim1,-0.01722,0.00668,Nucleus
Q5M9G3,Caprin1,-0.02461,0.00595,Other
Q5M9G9,Tbrg4,0.01257,0.01291,Mitochondrion
Q5M9H1,Lrrc41,0.00814,-0.0112,Other
Q5M9I5,Uqcrh,-0.01654,-0.01048,Mitochondrion
Q5NDL0,Eogt,-0.01039,0.01226,Other
Q5PPF5,Zgpat,-0.00765,-0.01847,Nucleus
Q5PPG7,Eif2d,0.00709,0.01551,Other
Q5PPH0,Enoph1,0.02618,-0.0018,Other
Q5PPI1,Srsf9,-0.00169,0.02439,Nucleus
Q5PPI3,Gskip,0.0102,0.02308,Other
Q5PPI8,Rmc1,0.00559,-0.01973,Other
Q5PPJ4,Dohh,-0.0092,-0.0126,Other
Q5PPJ6,Lars1,-0.0026,0.03034,Other
Q5PPJ9,Sh3glb2,-0.01578,0.01245,Other
Q5PPK9,Eipr1,0.02655,0.0122,Nucleus
Q5PPL2,Dcun1d5,0.01344,9e-5,Cytoskeleton
Q5PPL3,Nsdhl,0.02551,-0.00126,Nucleus
Q5PPM8,Pip4p1,-0.00575,0.02543,Other
Q5PPN7,Ccdc51,0.00118,-0.00872,Mitochondrion
Q5PQJ5,Arhgap29,-0.01296,0.02585,Other
Q5PQJ6,Pycr3,-0.01733,-0.01179,Other
Q5PQJ7,Tbcel,0.00862,0.01982,Other
Q5PQK1,Septin10,0.01557,0.007,Cytoskeleton
Q5PQK2,Fus,-0.01227,0.02102,Other
Q5PQK5,Rdx,-0.02744,0.00426,Cytoskeleton
Q5PQL2,Cnot9,-0.00577,-0.00753,Other
Q5PQL5,Ptdss1,0.00544,0.02181,Nucleus
Q5PQL7,Itm2c,0.00365,-0.02439,Nucleus
Q5PQM0,Tmem168,0.01439,-0.0124,Nucleus
Q5PQM2,Klc4,-9.2e-4,0.01898,Cytoskeleton
Q5PQN0,Ncald,-0.01784,0.00629,Other
Q5PQN1,Herc4,0.02491,0.00792,Other
Q5PQN5,Trim55,0.02037,-0.00143,Cytoskeleton
Q5PQN6,Vipas39,0.02388,-0.0027,Other
Q5PQN7,Lzic,-0.02443,-0.01511,Other
Q5PQN9,Mrpl38,0.02199,-0.00708,Mitochondrion
Q5PQP1,Rbms1,-0.01331,0.00464,Other
Q5PQP2,Ebag9,-0.00289,-0.0131,Other
Q5PQQ2,Wbp11,-0.01345,-0.00469,Other
Q5PQQ7,Lix1l,-0.0118,0.01737,Other
Q5PQR4,Rsrc2,-0.00387,-0.01378,Other
Q5PQR8,Tprkb,4.8e-4,-0.02948,Other
Q5PQS4,Gulp1,-0.01496,1.6e-4,Other
Q5PQS6,Smg9,-0.0111,-0.02712,Other
Q5PQT2,Mtmr3,-0.01716,-0.01496,Other
Q5PQV5,Tpbg,-0.01084,0.00819,Other
Q5PQX0,Uxs1,-8e-4,-0.00711,Nucleus
Q5PQX1,Tor1aip1,-0.00751,0.03035,Nucleus
Q5QD51,Akap12,-0.02521,-0.0075,Other
Q5QJC9,Bag5,0.00144,-0.0283,Mitochondrion
Q5RJK8,Acbd6,7.5e-4,0.00775,Other
Q5RJM1,Srd5a3,0.01606,-0.00563,Nucleus
Q5RJP0,Akr1b7,-0.00259,-0.02297,Other
Q5RJQ4,Sirt2,0.0192,-0.00914,Mitochondrion
Q5RJQ7,Sdhaf2,-0.01246,0.00338,Mitochondrion
Q5RJQ8,Calhm2,-0.00243,-0.01018,Other
Q5RJR2,Twf1,-0.00306,0.0165,Cytoskeleton
Q5RJR8,Lrrc59,-0.0054,-0.03413,Mitochondrion
Q5RJS6,Mospd1,-0.00548,0.00481,Nucleus
Q5RJS8,Tpst2,-0.00175,-0.01664,Other
Q5RJZ6,Scoc,-0.01513,1e-4,Other
Q5RK00,Mrpl46,-0.007,-0.03077,Mitochondrion
Q5RK03,Cdkn2aipnl,-4e-4,-0.02091,Other
Q5RK08,Nipsnap2,0.00802,-0.01162,Mitochondrion
Q5RK09,Eif3g,-0.01889,-0.01248,Nucleus
Q5RK19,Snf8,6.5e-4,-0.0319,Nucleus
Q5RK24,Pmvk,-0.00708,0.00667,Other
Q5RK27,Slc12a7,-0.02026,0.00201,Other
Q5RK30,Sbds,0.01968,-0.01297,Cytoskeleton
Q5RKH1,Prp4k,-0.0021,-0.00303,Other
Q5RKH6,Os9,-0.0205,0.01621,Nucleus
Q5RKI0,Wdr1,-0.00767,0.0178,Cytoskeleton
Q5RKI1,Eif4a2,0.01081,0.01532,Nucleus
Q5RKI6,Eif1ad,-0.01952,0.00565,Other
Q5RKJ1,Maea,0.01848,0.00143,Cytoskeleton
Q5RKJ2,Cybrd1,-0.00988,-0.00325,Cytoskeleton
Q5RKL5,Steap3,0.00292,0.02513,Other
Q5SGE0,Lrpprc,0.02556,-0.00768,Mitochondrion
Q5U1V9,Tspan31,-0.01743,0.0109,Other
Q5U1W6,Apool,-0.00983,0.00749,Mitochondrion
Q5U1W8,Hmgn1,-0.01223,0.00518,Nucleus
Q5U1X1,Rexo2,-0.00558,0.00747,Mitochondrion
Q5U1Y1,Rab34,0.0016,0.02094,Cytoskeleton
Q5U1Y4,Akr1e2,0.01634,0.00659,Other
Q5U1Z0,Rab3gap2,0.01409,-0.00671,Nucleus
Q5U1Z2,Trappc3,0.02356,-1.3e-4,Other
Q5U203,Ube2f,-0.00614,-0.02103,Other
Q5U204,Lamtor3,0.02176,0.00636,Other
Q5U211,Snx3,-0.01958,-0.01929,Other
Q5U214,Snrpa,-0.00787,0.03085,Nucleus
Q5U216,Ddx39a,-0.01248,0.01741,Nucleus
Q5U2M6,Dcaf8,-0.02117,-0.02135,Other
Q5U2N0,Ctps2,-0.00249,-0.01417,Mitochondrion
Q5U2Q3,Bkgd,0.00253,0.00354,Other
Q5U2Q5,Rrm1,0.00333,0.01799,Mitochondrion
Q5U2Q7,Etf1,0.00812,-0.00363,Other
Q5U2R0,Mat2b,0.01884,-0.01283,Other
Q5U2R4,Trmt10c,-0.00949,-0.00917,Mitochondrion
Q5U2R7,Mesd,-0.02157,0.00501,Nucleus
Q5U2R9,Scfd2,0.0111,0.01029,Other
Q5U2S1,Ndfip1,-0.00468,0.00973,Nucleus
Q5U2S5,Snx24,-0.00247,-0.02004,Other
Q5U2T3,Spats2l,-0.01803,0.01253,Nucleus
Q5U2U0,Clpx,-0.01137,0.01665,Mitochondrion
Q5U2U2,Crkl,-0.01322,-0.03212,Other
Q5U2U4,Scamp2,0.00499,0.02129,Other
Q5U2U7,Rnmt,0.01369,-0.01676,Nucleus
Q5U2V1,Fkbp10,-0.02638,0.00567,Mitochondrion
Q5U2V2,Serinc3,-8.8e-4,0.00908,Nucleus
Q5U2V8,Emc3,0.02453,0.00287,Nucleus
Q5U2X0,Cdkn2aip,-0.00692,0.01214,Nucleus
Q5U2X6,Ccdc47,0.00558,-0.02102,Nucleus
Q5U2Y1,Gtf2i,0.014,0.00685,Other
Q5U2Z3,Nap1l4,-0.02537,2.2e-4,Nucleus
Q5U2Z5,Cmtr1,-0.00252,-0.003,Other
Q5U2Z7,Arhgap24,0.00445,-0.02588,Other
Q5U300,Uba1,0.02261,-0.01535,Mitochondrion
Q5U301,Akap2,-0.02718,-0.01046,Other
Q5U302,Ctnna1,-6.1e-4,0.01369,Cytoskeleton
Q5U310,Armcx1,-0.01061,0.01228,Mitochondrion
Q5U312,Rai14,-0.00815,-0.0042,Cytoskeleton
Q5U316,Rab35,0.02275,0.00799,Other
Q5U317,Fip1l1,0.0056,-0.00707,Nucleus
Q5U318,Pea15,-0.02662,-0.00542,Cytoskeleton
Q5U367,Plod3,0.02089,0.02122,Nucleus
Q5U3Z7,Shmt2,0.01981,-0.01065,Mitochondrion
Q5U4E8,Prmt7,0.0056,-0.01732,Other
Q5U4F3,Fam107b,-0.01978,0.00852,Other
Q5XFW4,Mrpl13,1.2e-4,0.00204,Mitochondrion
Q5XFW6,Wdr6,-7.4e-4,-0.00728,Nucleus
Q5XFW8,Sec13,0.02661,0.00231,Nucleus
Q5XFX0,Tagln2,-0.02737,0.00464,Cytoskeleton
Q5XHY0,Ddx18,-0.00695,-0.00293,Nucleus
Q5XHY5,Tars1,0.0014,0.01667,Other
Q5XHY7,Stam2,-0.02225,-0.00351,Other
Q5XHZ0,Trap1,0.01584,-0.02659,Mitochondrion
Q5XHZ9,Trip13,-0.01461,-0.00583,Nucleus
Q5XI01,Larp7,0.00414,-0.01622,Nucleus
Q5XI07,Lpp,-0.00624,0.01125,Cytoskeleton
Q5XI13,Grwd1,0.01829,0.01716,Nucleus
Q5XI21,Tom1,-0.02567,0.00471,Other
Q5XI22,Acat2,0.0272,-0.00969,Other
Q5XI26,Stat2,0.00994,-0.00936,Nucleus
Q5XI28,Raver1,0.00384,0.01237,Other
Q5XI29,Cpsf7,-0.01523,-0.00772,Nucleus
Q5XI31,Pigs,0.02306,0.01218,Nucleus
Q5XI32,Capzb,-0.0057,0.01254,Cytoskeleton
Q5XI34,Ppp2r1a,0.02368,-0.00858,Mitochondrion
Q5XI37,Mrps15,-0.00779,-7.6e-4,Mitochondrion
Q5XI38,Lcp1,0.00846,0.01485,Cytoskeleton
Q5XI39,Cryzl1,0.00264,0.01484,Other
Q5XI41,Tram1,-0.01598,-0.00838,Nucleus
Q5XI43,Mxra8,0.02233,-0.0047,Other
Q5XI52,Vezt,-0.00248,0.00154,Cytoskeleton
Q5XI53,Cacul1,0.0194,0.00332,Other
Q5XI55,Ngly1,-0.00267,-0.0179,Other
Q5XI67,Fbxo30,0.01251,0.00692,Other
Q5XI68,Dr1,-0.0091,-0.02042,Cytoskeleton
Q5XI72,Eif4h,-0.02137,-0.00799,Nucleus
Q5XI73,Arhgdia,0.00855,-0.01347,Other
Q5XI78,Ogdh,0.01256,0.0185,Mitochondrion
Q5XI79,Ndufaf7,6.5e-4,-0.00818,Mitochondrion
Q5XI81,Fxr1,-0.01965,0.01204,Nucleus
Q5XI83,Vps35l,0.00833,-0.01284,Other
Q5XI97,Aarsd1,0.01646,0.01977,Other
Q5XIA1,Ncln,-0.00902,-0.00422,Nucleus
Q5XIA2,Szrd1,0.01288,0.00253,Other
Q5XIA4,Cnot10,0.00159,0.01585,Other
Q5XIA5,Coasy,-0.0097,0.02171,Mitochondrion
Q5XIA8,Ghitm,0.01044,-0.00774,Mitochondrion
Q5XIB1,Tssc4,5.4e-4,0.00115,Nucleus
Q5XIB2,Cwc27,0.01619,-0.01959,Nucleus
Q5XIB4,Ufsp2,0.01229,0.014,Other
Q5XIC0,Eci2,0.02455,0.01997,Mitochondrion
Q5XIC1,Gmppa,0.01158,0.01655,Other
Q5XIC2,Ecsit,0.01435,0.01127,Mitochondrion
Q5XIC3,Cdc37l1,-0.00532,-0.02392,Other
Q5XIC4,Spg21,0.00726,0.0067,Other
Q5XID0,Yipf5,-0.01135,0.02715,Nucleus
Q5XID1,Ciapin1,-0.0273,-0.00151,Mitochondrion
Q5XID7,Armcx3,0.01872,-0.02289,Mitochondrion
Q5XIE0,Anp32e,-0.02266,-0.01754,Nucleus
Q5XIE3,Mrpl11,-0.01245,0.00522,Mitochondrion
Q5XIE6,Hibch,0.02062,-0.01863,Mitochondrion
Q5XIE8,Itm2b,-0.0071,0.01749,Other
Q5XIE9,Med20,0.01281,-0.01688,Nucleus
Q5XIF3,Ndufs4,-0.01654,-0.02521,Mitochondrion
Q5XIF4,Sumo3,-0.02108,-0.01026,Other
Q5XIF5,Degs1,-0.01412,-0.00176,Mitochondrion
Q5XIF6,Tuba4a,0.02679,-1.3e-4,Cytoskeleton
Q5XIG0,Nudt9,0.00575,0.00294,Mitochondrion
Q5XIG4,Ociad1,8.5e-4,0.01902,Mitochondrion
Q5XIG6,Galk2,0.00299,0.02407,Other
Q5XIG8,Strap,-0.00623,0.0063,Other
Q5XIH3,Ndufv1,-8e-5,-0.02143,Mitochondrion
Q5XIH7,Phb2,0.01812,-0.0192,Mitochondrion
Q5XII0,Epdr1,0.008,-0.02321,Other
Q5XII9,Mtfr1l,-0.00689,0.017,Mitochondrion
Q5XIJ6,Babam1,0.00195,-0.00108,Nucleus
Q5XIJ7,Cab39l,0.01226,-0.00419,Other
Q5XIK2,Tmx2,0.00532,0.02246,Mitochondrion
Q5XIK4,Magea13,-0.01555,-0.01953,Other
Q5XIK5,Rnf146,-0.01071,-0.00783,Other
Q5XIK7,Katnal1,0.01029,-0.01228,Cytoskeleton
Q5XIL2,Pi4k2b,0.00299,-0.01547,Nucleus
Q5XIM5,Cdv3,-0.02592,-0.00922,Other
Q5XIM7,Kars1,-0.0155,-0.01977,Mitochondrion
Q5XIM9,Cct2,0.0247,-0.01392,Cytoskeleton
Q5XIN6,Letm1,-0.0099,-0.01529,Mitochondrion
Q5XIN7,Pomgnt1,-0.01243,-4.1e-4,Other
Q5XIP0,Dnajb4,-0.01172,-0.01701,Other
Q5XIP1,Pelo,0.02694,-4.4e-4,Other
Q5XIP6,Fen1,-0.02179,-0.00412,Mitochondrion
Q5XIP9,Tmem43,0.02529,-0.0033,Nucleus
Q5XIQ4,Mgrn1,-0.00238,0.00378,Other
Q5XIQ8,Chpf,-0.01326,0.00238,Mitochondrion
Q5XIR9,Ubac1,9.4e-4,0.02106,Other
Q5XIS7,Ubap1,-0.0106,-0.00977,Other
Q5XIT1,Mapre3,-0.015,0.00723,Cytoskeleton
Q5XIT3,Yipf2,-0.01158,0.01195,Other
Q5XIT9,Mccc2,0.01943,0.01837,Mitochondrion
Q5XIU5,Psmf1,-0.02412,-0.00651,Nucleus
Q5XIU9,Pgrmc2,-0.019,-0.00718,Nucleus
Q5XIW8,Sart1,0.00642,-0.00722,Nucleus
Q5XJW2,Gadd45gip1,-0.00834,0.00271,Mitochondrion
Q5XXR3,Arhgef6,0.00673,-0.02176,Other
Q60587,Hadhb,0.01338,-0.01255,Mitochondrion
Q60GF7,Pigx,0.01911,-0.0109,Nucleus
Q62599,Mta1,-0.01032,0.01064,Cytoskeleton
Q62622,Eif4ebp1,-0.02619,-0.00467,Other
Q62625,Map1lc3b,0.01187,-0.02119,Mitochondrion
Q62627,Pawr,-0.02399,-1.6e-4,Cytoskeleton
Q62632,Fstl1,-0.02056,0.02526,Other
Q62636,Rap1b,0.01441,-4.4e-4,Other
Q62638,Glg1,0.01888,-0.00316,Cytoskeleton
Q62639,Rheb,0.01755,0.01736,Nucleus
Q62651,Ech1,0.01743,-0.00316,Mitochondrion
Q62658,Fkbp1a,-0.01446,-0.00668,Nucleus
Q62665,Lgals8,0.00839,0.01614,Other
Q62667,Mvp,0.01453,-0.01003,Nucleus
Q62671,Ubr5,0.00705,-0.02528,Nucleus
Q62696,Dlg1,-0.00194,-0.01265,Cytoskeleton
Q62698,Dync1li2,-0.02316,5.9e-4,Cytoskeleton
Q62703,Rcn2,-0.02582,0.01194,Other
Q62720,Slc30a1,-0.0151,-0.02226,Nucleus
Q62722,Nab1,-0.01102,-9.1e-4,Other
Q62724,Mcm6,0.0154,-0.01463,Nucleus
Q62725,Nfyc,-0.00295,0.00838,Nucleus
Q62733,Tmpo,-0.01627,-0.01435,Other
Q62736,Cald1,-0.0228,0.0055,Cytoskeleton
Q62745,Cd81,-0.02234,0.01799,Other
Q62751,Ireb2,-7.9e-4,0.0276,Other
Q62760,Tomm20,-0.01795,-1.2e-4,Mitochondrion
Q62764,Ybx3,-0.02263,-0.00827,Nucleus
Q62780,Ddx46,-0.01202,0.00933,Nucleus
Q62785,Pdap1,-0.02234,-0.00408,Other
Q62786,Ptgfrn,0.0166,-0.00938,Nucleus
Q62812,Myh9,-0.00255,-0.00267,Cytoskeleton
Q62818,Eif2b2,5.2e-4,0.02388,Other
Q62824,Exoc4,0.00512,-0.01913,Cytoskeleton
Q62825,Exoc3,0.00247,-0.01944,Nucleus
Q62826,Hnrnpm,-0.01838,0.00905,Nucleus
Q62829,Pak3,-0.01208,7.4e-4,Other
Q62834,Cdc123,-0.00355,6.7e-4,Other
Q62835,Rabep2,-0.02127,-0.00929,Cytoskeleton
Q62838,Musk,0.00959,-0.00841,Other
Q62839,Golga2,-0.01674,0.01439,Cytoskeleton
Q62848,Arfgap1,-0.02644,-0.00203,Nucleus
Q62862,Map2k5,-0.00247,-0.01272,Cytoskeleton
Q62868,Rock2,-0.02372,-0.00812,Cytoskeleton
Q62871,Dync1i2,-0.02568,0.00748,Cytoskeleton
Q62881,Nol3,-0.02591,0.00131,Mitochondrion
Q62885,Unc119,0.02877,0.00287,Cytoskeleton
Q62896,Bet1,-0.01042,-0.01997,Nucleus
Q62902,Lman1,-0.02029,-0.00232,Nucleus
Q62904,Hsd17b7,4.5e-4,-0.01958,Mitochondrion
Q62908,Csrp2,0.01672,0.0176,Other
Q62910,Synj1,-0.00231,-0.01442,Cytoskeleton
Q62915,Cask,0.00212,-0.01942,Cytoskeleton
Q62920,Pdlim5,-0.00102,0.01761,Cytoskeleton
Q62931,Gosr1,-8.1e-4,0.02649,Other
Q62940,Nedd4,-0.02051,-0.01302,Nucleus
Q62952,Dpysl3,0.00422,-0.03094,Cytoskeleton
Q62967,Mvd,0.00601,-0.00255,Other
Q62969,Ptgis,0.02776,0.00563,Nucleus
Q62985,Sh2b1,-0.0035,-0.01734,Other
Q62991,Scfd1,0.01798,-0.01828,Nucleus
Q63009,Prmt1,0.025,0.0125,Other
Q63014,Akap8,-4.4e-4,0.02156,Nucleus
Q63016,Slc7a5,0.01391,0.01357,Cytoskeleton
Q63028,Add1,-0.02167,-0.00669,Cytoskeleton
Q63041,A1m,0.02241,0.0101,Other
Q63042,Gfer,-0.00233,0.01818,Mitochondrion
Q63046,Runx1,-0.01058,-0.01337,Nucleus
Q63055,Arfrp1,0.01861,-0.00674,Other
Q63060,Gk,0.01054,-0.01758,Mitochondrion
Q63068,Phax,0.01096,0.01728,Nucleus
Q63081,Pdia6,-0.00345,-0.02059,Nucleus
Q63083,Nucb1,-0.02789,-0.0048,Other
Q63086,Ctf1,-0.01462,0.00215,Other
Q63135,Cr1l,0.01222,0.00431,Other
Q63151,Acsl3,0.02287,0.01055,Mitochondrion
Q63184,Eif2ak2,-0.01515,-0.01347,Nucleus
Q63186,Eif2b4,-0.00702,-0.0079,Other
Q63187,Eloa,0.01387,-0.01334,Nucleus
Q63190,Emd,-0.02759,0.00262,Cytoskeleton
Q63199,Fas,-0.00591,0.0085,Other
Q63228,Gmfb,-0.01918,-0.00774,Cytoskeleton
Q63258,Itga7,0.01258,-0.01615,Other
Q63269,Itpr3,0.00968,0.00897,Cytoskeleton
Q63270,Aco1,0.01217,0.00671,Mitochondrion
Q63312,Phldb1,-0.01312,-0.01047,Other
Q63321,Plod1,0.00855,0.03646,Nucleus
Q63344,Slc16a7,-0.00444,-0.019,Other
Q63347,Psmc2,-0.02253,0.00739,Other
Q63355,Myo1c,0.00921,-7.3e-4,Cytoskeleton
Q63356,Myo1e,-0.00516,-0.01299,Cytoskeleton
Q63357,Myo1d,0.00813,-0.00922,Cytoskeleton
Q63358,Myo9b,-0.00402,-0.01305,Cytoskeleton
Q63362,Ndufa5,0.01473,0.0223,Mitochondrion
Q63364,Pja2,-0.0138,0.00428,Cytoskeleton
Q63369,Nfkb1,0.02016,0.02119,Nucleus
Q63377,Atp1b3,0.02744,0.00102,Other
Q63396,Sub1,0.02077,-0.01721,Nucleus
Q63413,Ddx39b,0.01703,0.0181,Nucleus
Q63416,Itih3,-0.01081,0.01864,Other
Q63433,Pkn1,0.00255,0.0049,Other
Q63450,Camk1,0.01911,0.00824,Other
Q63468,Prpsap1,0.01379,0.02658,Other
Q63470,Dyrk1a,0.01547,0.01514,Cytoskeleton
Q63486,Rraga,0.01341,-0.00253,Other
Q63488,Slc20a2,-0.01937,0.00968,Cytoskeleton
Q63507,Rpl14,0.00338,0.01986,Other
Q63524,Tmed2,0.02054,-0.01533,Nucleus
Q63525,Nudc,0.02464,-0.00349,Cytoskeleton
Q63528,Rpa2,0.00747,0.00842,Nucleus
Q63530,Pter,0.01482,-0.02087,Other
Q63532,Sprr1a,-0.01779,0.00892,Other
Q63540,Atxn1,-0.01621,-5.6e-4,Nucleus
Q63560,Map6,-0.02097,-0.00274,Cytoskeleton
Q63569,Psmc3,-0.01434,0.00882,Other
Q63570,Psmc4,0.0276,0.00959,Other
Q63584,Tmed10,0.02758,0.00508,Nucleus
Q63598,Pls3,0.01135,-0.01574,Cytoskeleton
Q63610,Tpm3,-0.01615,-0.00948,Mitochondrion
Q63615,Vps33a,0.00759,-0.00489,Nucleus
Q63616,Vps33b,9.5e-4,-0.02221,Nucleus
Q63617,Hyou1,-0.02507,-0.00822,Mitochondrion
Q63623,Scaf8,0.00227,-0.00143,Nucleus
Q63627,Scaf4,-0.01447,0.02026,Other
Q63632,Slc12a4,-0.00869,0.01531,Other
Q63635,Stx6,0.00634,0.00335,Nucleus
Q63644,Rock1,-0.01733,-0.0244,Cytoskeleton
Q63648,Nf2,-0.00594,-0.02223,Cytoskeleton
Q63663,Gbp2,-0.00949,0.01275,Nucleus
Q63686,Cdk16,-0.00536,-0.00941,Other
Q63690,Bax,-0.01731,-0.0127,Mitochondrion
Q63692,Cdc37,-0.02099,-0.01825,Other
Q63699,Cdk2,0.02306,-0.00757,Cytoskeleton
Q63707,Dhodh,-0.00263,-0.01792,Mitochondrion
Q63716,Prdx1,0.02274,0.01913,Other
Q63722,Jag1,-0.00861,-0.0054,Other
Q63737,Pdcl,-0.00317,0.01995,Other
Q63750,Mrpl23,0.00998,-0.01267,Mitochondrion
Q63767,Bcar1,-0.00871,0.01181,Cytoskeleton
Q63768,Crk,0.02668,-0.00169,Cytoskeleton
Q63769,Srpx,-0.00982,0.0144,Cytoskeleton
Q63772,Gas6,-0.00271,0.00539,Other
Q63797,Psme1,-0.02115,0.0031,Other
Q63798,Psme2,0.01644,0.00798,Other
Q63803,Gnas,0.02135,0.00969,Nucleus
Q63942,Rab3d,-0.01888,0.0052,Cytoskeleton
Q63945,Set,-0.0241,0.00985,Nucleus
Q63965,Sfxn1,-0.00254,0.00301,Mitochondrion
Q63ZV7,Swi5,-0.01144,-0.02156,Nucleus
Q63ZY7,Uxt,0.00342,-0.00532,Cytoskeleton
Q64057,Aldh7a1,0.02694,-0.00665,Mitochondrion
Q64119,Myl6,-0.01377,0.00496,Cytoskeleton
Q64122,Myl9,-0.00614,0.0043,Cytoskeleton
Q64194,Lipa,0.01741,-0.00903,Other
Q641W2,Myg1,0.01752,0.02926,Mitochondrion
Q641W4,Rfc2,0.00315,-0.02423,Nucleus
Q641X2,Leo1,-0.00992,-0.00576,Nucleus
Q641X3,Hexa,0.02191,0.00378,Other
Q641X8,Eif3e,0.02422,-0.00544,Nucleus
Q641X9,Mrpl9,0.00937,-0.00135,Mitochondrion
Q641Y0,Ddost,0.00532,-0.0074,Nucleus
Q641Y1,Cyb561d2,0.00381,-3.8e-4,Nucleus
Q641Y2,Ndufs2,0.02234,-0.00516,Mitochondrion
Q641Y5,Atg7,0.00673,-0.0068,Other
Q641Y8,Ddx1,-0.01705,-0.00775,Mitochondrion
Q641Z2,Ptpn9,0.02072,0.02264,Other
Q641Z4,Cdk9,5.5e-4,0.01949,Nucleus
Q641Z5,Chac2,-0.00364,-0.00173,Other
Q641Z6,Ehd1,0.0196,-0.00538,Nucleus
Q641Z8,Pef1,0.01779,0.0243,Other
Q641Z9,Sdhc,-0.00526,0.00877,Mitochondrion
Q64232,Tecr,0.00406,0.0256,Nucleus
Q64240,Ambp,-0.01279,0.01229,Mitochondrion
Q64259,Vhl,-0.00283,0.01293,Mitochondrion
Q64270,Eif2b1,0.02452,0.00226,Other
Q642A4,Q642A4,8.6e-4,0.00911,Other
Q642A5,Pole3,-0.00644,0.01421,Other
Q642B0,Gpc4,0.01421,-0.0258,Other
Q642B5,Armcx2,-0.02099,-0.01698,Mitochondrion
Q642C0,Dnajc8,-0.01198,0.01527,Other
Q642G4,Pex14,-0.01808,-0.00386,Other
Q64303,Pak2,-0.0157,-0.02718,Nucleus
Q64350,Eif2b5,0.01667,-0.00548,Other
Q64361,Lxn,0.02524,0.00806,Other
Q64375,P3h4,0.01969,0.01891,Nucleus
Q64380,Sardh,1.9e-4,-0.01935,Mitochondrion
Q64428,Hadha,5.6e-4,3.8e-4,Mitochondrion
Q64536,Pdk2,-2.1e-4,-0.00142,Mitochondrion
Q64537,Capns1,0.00599,0.01329,Other
Q64542,Atp2b4,0.00844,0.00838,Other
Q64548,Rtn1,0.01619,0.01024,Nucleus
Q64559,Acot7,-0.0171,-0.01229,Mitochondrion
Q64560,Tpp2,0.01938,-0.00311,Nucleus
Q64566,Atp2c1,0.01401,0.00289,Other
Q64578,Atp2a1,0.00502,0.01108,Mitochondrion
Q64591,Decr1,0.01521,0.02159,Mitochondrion
Q64620,Ppp6c,0.01022,0.0097,Mitochondrion
Q64640,Adk,0.01784,0.01259,Other
Q64654,Cyp51a1,0.00339,0.02243,Other
Q64678,Cyp1b1,0.01863,-0.00225,Mitochondrion
Q64LC9,Rbm4b,-0.00833,0.0022,Nucleus
Q66H06,Tspan3,-8.4e-4,-0.01513,Other
Q66H09,Ttc1,-0.02651,-0.0048,Other
Q66H12,Naga,0.02416,0.01742,Other
Q66H15,Rmdn3,0.00525,-0.00392,Mitochondrion
Q66H24,Q66H24,-0.00618,0.02098,Other
Q66H28,Pacc1,-0.01052,0.01983,Other
Q66H39,Abcf3,0.01582,-0.02464,Other
Q66H40,Hmgn3,0.01338,-2.9e-4,Nucleus
Q66H43,Borcs6,-0.01289,-0.00442,Other
Q66H47,Mrpl24,-0.00911,-0.007,Mitochondrion
Q66H50,Far1,-0.0153,-0.00956,Other
Q66H58,Ints14,9.4e-4,0.01204,Nucleus
Q66H61,Qars1,0.00156,-0.00727,Mitochondrion
Q66H62,Cyld,-0.00827,-0.00674,Cytoskeleton
Q66H63,Gdap2,0.00134,-0.02552,Other
Q66H71,Cpped1,-0.01024,0.01959,Other
Q66H76,Pxn,-0.01764,-0.01363,Cytoskeleton
Q66H79,Trim32,-0.00476,-0.0135,Mitochondrion
Q66H80,Arcn1,0.01664,0.02704,Nucleus
Q66H91,Git2,-0.01355,0.0057,Other
Q66H94,Fkbp9,-1.4e-4,0.0154,Other
Q66H98,Cavin2,-0.02252,-0.01329,Other
Q66HA4,Tax1bp1,-0.02009,8.2e-4,Mitochondrion
Q66HA5,Cc2d1a,0.00101,-0.00708,Cytoskeleton
Q66HA6,Arl8b,0.02475,0.00682,Cytoskeleton
Q66HA7,Cbfb,0.01186,-0.03146,Nucleus
Q66HA8,Hsph1,0.02037,0.00203,Cytoskeleton
Q66HC1,Tdrd3,-0.01257,-0.00358,Nucleus
Q66HC5,Nup93,0.01164,0.01465,Cytoskeleton
Q66HD0,Hsp90b1,0.01491,-0.02137,Nucleus
Q66HD3,Nasp,-0.02239,0.00578,Nucleus
Q66HF1,Ndufs1,0.01454,-0.02045,Mitochondrion
Q66HF2,Tm9sf1,-0.00648,0.02847,Other
Q66HF9,Lrrfip1,-0.0249,-0.0113,Other
Q66HG0,Rnf13,-0.00707,-0.02026,Nucleus
Q66HG4,Galm,0.00179,-0.0147,Other
Q66HG5,Tm9sf2,0.02205,0.0219,Cytoskeleton
Q66HG8,Ik,0.00805,0.00318,Cytoskeleton
Q66HG9,Mavs,-0.02221,0.00272,Mitochondrion
Q66HL2,Cttn,-0.02589,-0.00165,Cytoskeleton
Q66HR0,Slc12a9,-0.01112,-0.01048,Other
Q66HR2,Mapre1,0.01344,0.0215,Cytoskeleton
Q66HR5,Calcoco1,-0.00526,-0.02048,Nucleus
Q66X93,Snd1,-0.00436,0.02037,Mitochondrion
Q67ER1,Rnf113a2,-0.01007,5.1e-4,Other
Q68A21,Purb,0.00442,6.9e-4,Other
Q68FP9,Cog6,2.1e-4,0.00746,Other
Q68FQ0,Cct5,0.0225,-7.5e-4,Cytoskeleton
Q68FQ2,Jam3,0.00273,-0.01715,Cytoskeleton
Q68FQ7,Rpap3,-0.00895,-0.02662,Other
Q68FQ9,Lancl2,0.02435,7.1e-4,Cytoskeleton
Q68FR3,Ints12,-0.00333,-0.00388,Nucleus
Q68FR5,Tmem209,-0.01201,0.00695,Nucleus
Q68FR6,Eef1g,0.02844,0.0048,Other
Q68FR7,Ltv1,0.00207,0.02342,Other
Q68FR8,Tuba3a,0.02038,0.01054,Cytoskeleton
Q68FR9,Eef1d,-0.02605,-0.00848,Nucleus
Q68FS1,Nubp2,0.00568,0.01133,Cytoskeleton
Q68FS2,Cops4,0.02391,-0.01054,Nucleus
Q68FS3,Fbxo7,0.00548,-0.00737,Mitochondrion
Q68FS4,Lap3,0.02665,0.00196,Mitochondrion
Q68FT1,Coq9,0.00812,0.02328,Mitochondrion
Q68FT7,Farsb,0.01547,-0.01225,Other
Q68FT9,Scly,0.01902,-0.01434,Other
Q68FU1,Plekhf1,-0.0073,-0.01429,Nucleus
Q68FU3,Etfb,0.02126,-0.02126,Mitochondrion
Q68FV3,Pofut4,-0.0148,0.01663,Other
Q68FV6,Glmp,0.00436,-0.01098,Other
Q68FW4,Stx18,0.02095,-0.00112,Nucleus
Q68FW9,Cops3,-0.02322,-0.00263,Nucleus
Q68FX0,Idh3B,0.01048,-0.01815,Mitochondrion
Q68FX1,Mpi,0.02019,0.00762,Other
Q68FX7,Thoc5,0.00749,0.00283,Nucleus
Q68FX9,Sirt5,-0.01776,-0.00395,Mitochondrion
Q68FY0,Uqcrc1,0.01936,0.01662,Mitochondrion
Q68FY1,Nup35,-0.0184,0.01395,Nucleus
Q68G38,Tor1a,0.02463,-0.00572,Nucleus
Q6AXM7,Hbs1l,-0.00289,-0.00417,Other
Q6AXM8,Pon2,0.01944,-0.00882,Other
Q6AXM9,Q6AXM9,0.00431,0.00612,Other
Q6AXN3,Tmed5,0.01771,0.00388,Nucleus
Q6AXN4,Ndc1,0.00657,0.02126,Nucleus
Q6AXN6,Knstrn,-0.01329,0.00706,Cytoskeleton
Q6AXQ0,Sae1,0.02174,-3.3e-4,Nucleus
Q6AXQ5,Pde12,0.00327,-0.01342,Mitochondrion
Q6AXR4,Hexb,0.01524,-0.00396,Other
Q6AXS3,Dek,0.01661,0.00553,Nucleus
Q6AXS4,Atp6ap2,0.01653,0.02411,Nucleus
Q6AXS5,Serbp1,0.00514,0.02656,Nucleus
Q6AXT0,Mrpl37,0.01656,0.02377,Mitochondrion
Q6AXT5,Rab21,0.02417,2.5e-4,Nucleus
Q6AXT7,Rbm42,-0.00126,-0.00339,Nucleus
Q6AXT8,Sf3a2,0.00346,-0.0124,Nucleus
Q6AXU4,Rnf181,-0.01507,-0.01854,Other
Q6AXU6,Jpt1,-0.01964,0.00886,Other
Q6AXU7,Mif4gd,0.01085,0.00917,Nucleus
Q6AXV4,Samm50,0.02666,0.00127,Mitochondrion
Q6AXW1,Glrx2,-6.5e-4,0.00479,Mitochondrion
Q6AXX0,Iqcf3,0.01962,0.01285,Other
Q6AXX5,Rdh11,0.01503,-0.00148,Nucleus
Q6AXX6,Prxl2a,0.02085,-0.00868,Mitochondrion
Q6AXY7,Prpf38b,0.00948,-0.01199,Nucleus
Q6AXY8,Dhrs1,-0.00511,-0.02016,Mitochondrion
Q6AY02,Rbm17,-0.01462,-0.00153,Nucleus
Q6AY04,Maip1,-0.01414,-0.00161,Mitochondrion
Q6AY09,Hnrnph2,0.01637,0.02938,Other
Q6AY17,Abhd17b,0.00506,-0.00865,Other
Q6AY19,Coq8b,0.01148,-0.01243,Mitochondrion
Q6AY20,M6pr,-0.01609,0.0138,Nucleus
Q6AY23,Pycr2,0.027,-0.00641,Mitochondrion
Q6AY25,Tmed3,0.01901,0.02092,Nucleus
Q6AY30,Sccpdh,0.02596,0.01027,Mitochondrion
Q6AY37,Mageb16,-2e-5,-0.00434,Other
Q6AY41,Tmem30a,-0.0018600000000000001,-0.00122,Other
Q6AY46,Trmt61a,0.01296,-0.02256,Other
Q6AY53,Dhps,-0.00369,-5.3e-4,Other
Q6AY55,Dcakd,0.00229,0.02747,Mitochondrion
Q6AY57,Wipi2,6.1e-4,0.00364,Other
Q6AY59,Mocs2,0.00696,0.00353,Other
Q6AY63,Nudt5,-0.00133,0.02375,Mitochondrion
Q6AY65,Arfip2,0.0202,0.01197,Other
Q6AY71,Cfap418,3e-5,-0.00711,Other
Q6AY72,Q6AY72,-0.01554,0.00398,Other
Q6AY79,Hgh1,0.00693,-0.01673,Other
Q6AY84,Scrn1,-0.02482,0.00975,Nucleus
Q6AY86,Vps26a,0.00967,-2.7e-4,Other
Q6AY87,Thoc6,0.01629,-0.00657,Nucleus
Q6AY94,Timmdc1,-0.00114,0.00525,Mitochondrion
Q6AY96,Gtf2f1,-0.01234,6.1e-4,Nucleus
Q6AY97,Ccdc91,-0.02499,0.00342,Other
Q6AYA5,Tmem106b,-0.01951,-0.00382,Other
Q6AYA6,Cybc1,-0.00155,-0.01667,Nucleus
Q6AYB3,Isy1,3e-4,-0.02684,Nucleus
Q6AYB4,Hspa14,0.02022,-0.01387,Other
Q6AYB5,Srp54,-0.0076,-0.0086,Other
Q6AYC4,Capg,-0.02654,-0.00347,Cytoskeleton
Q6AYD1,Mblac1,0.00678,-2.5e-4,Other
Q6AYD2,Stn1,0.01105,-0.00143,Nucleus
Q6AYD3,Pa2g4,0.01137,0.00829,Nucleus
Q6AYD5,Gspt1,-0.02039,-0.01489,Other
Q6AYD6,Pdlim2,-0.02436,1e-4,Cytoskeleton
Q6AYD9,Nudt19,0.02163,-0.00246,Mitochondrion
Q6AYE2,Sh3glb1,0.01105,0.00359,Mitochondrion
Q6AYF2,Lmcd1,-0.02025,0.01992,Other
Q6AYG3,Prune1,-0.01082,0.0111,Other
Q6AYG5,Echdc1,0.01223,-0.03327,Mitochondrion
Q6AYH5,Dctn2,-0.02374,-0.02049,Cytoskeleton
Q6AYH6,Emc10,0.01078,-0.01718,Nucleus
Q6AYI5,Shoc2,-0.00987,-0.01101,Other
Q6AYJ1,Recql,-0.00345,-0.00987,Other
Q6AYJ2,Bod1,-0.01264,-0.02143,Cytoskeleton
Q6AYJ7,Cct6b,-0.00718,-0.0295,Other
Q6AYK1,Rnps1,-0.01102,0.0106,Nucleus
Q6AYK2,Jmjd6,-0.01346,0.01684,Nucleus
Q6AYK5,Lyar,0.02009,-0.01506,Nucleus
Q6AYK6,Cacybp,0.02276,-0.00915,Nucleus
Q6AYK8,Eif3d,-0.01504,-0.01235,Other
Q6AYL5,Sf3b4,-0.00401,-0.00488,Nucleus
Q6AYM4,Dpcd,-0.00105,-0.00159,Other
Q6AYN2,Saraf,0.00443,-0.00714,Nucleus
Q6AYP5,Cadm1,0.00195,0.02257,Other
Q6AYP7,Nt5c3b,0.01215,-0.01098,Other
Q6AYQ1,Golga7,-0.00428,-0.02944,Other
Q6AYQ4,Tmem109,0.02572,0.0037200000000000002,Nucleus
Q6AYQ8,Fahd1,0.00662,-0.0086,Mitochondrion
Q6AYR2,Ndrg3,0.00198,0.02366,Other
Q6AYR4,Tor2a,-0.00775,0.00709,Nucleus
Q6AYR6,Hdhd2,0.0202,-0.01706,Other
Q6AYR8,Scrn2,0.01104,-0.02304,Other
Q6AYS6,Snx17,0.00134,0.02806,Other
Q6AYS7,Acy1a,0.01438,0.00956,Other
Q6AYT0,Cryz,-0.00804,0.02569,Mitochondrion
Q6AYT3,Rtcb,-0.01874,-0.01292,Nucleus
Q6AYT5,Dcph1,0.00635,0.01974,Other
Q6AYT7,Abhd12,-0.00308,0.02793,Nucleus
Q6AYU1,Morf4l1,-0.00423,-0.02672,Nucleus
Q6AYU3,Dnajb6,-0.02237,-0.00454,Nucleus
Q6AYY8,Slc33a1,0.01913,0.00422,Nucleus
Q6AYZ1,Tuba1c,0.02614,-0.00666,Cytoskeleton
Q6AZ50,Atg3,-0.02164,2.5e-4,Other
Q6AZ61,Lmbrd1,-0.01473,-0.00336,Nucleus
Q6AZ83,G6pc3,8.5e-4,0.01225,Nucleus
Q6B345,S100a11,-0.02399,0.00981,Nucleus
Q6BBI8,Ufc1,-0.00749,0.00169,Other
Q6DGF4,Zfand6,-0.00955,0.01212,Other
Q6DGG0,Ppid,-0.00392,0.0162,Nucleus
Q6DGG1,Abhd14b,0.00454,0.01493,Nucleus
Q6DGG9,Camlg,0.01467,-0.01317,Nucleus
Q6DKG0,Naa35,0.00792,0.01456,Other
Q6EV70,Pofut1,0.02246,0.0036,Other
Q6EV76,Fut8,-6.9e-4,0.01547,Other
Q6F596,Ggps1,0.00158,0.00756,Nucleus
Q6F6B3,Tanc1,-0.01197,-0.02849,Other
Q6GMN2,Baiap2,0.01026,0.00326,Cytoskeleton
Q6GQP4,Rab31,-0.01423,0.01398,Other
Q6GX83,Gxylt1,0.00343,0.02655,Other
Q6IMX7,Hspbp1,0.02597,0.00968,Other
Q6IMY8,Hnrnpu,-0.01167,0.0116,Cytoskeleton
Q6IN36,Wipf1,-0.01156,-0.01151,Cytoskeleton
Q6IRE4,Tsg101,0.00912,-0.01902,Cytoskeleton
Q6IRK9,Cpq,0.00842,-0.026,Other
Q6IUP3,Elp5,-0.0191,0.01463,Other
Q6IUR5,Nenf,-0.02259,-0.00563,Mitochondrion
Q6J1Y9,Usp19,0.00864,0.02145,Nucleus
Q6J2U6,Rnf114,0.01106,0.01659,Other
Q6JWR2,Slc38a7,0.00582,7.8e-4,Other
Q6KC51,Ablim2,-0.01843,-0.00217,Cytoskeleton
Q6MFY6,Ppp1r11,0.01047,0.01368,Other
Q6MG06,Gnl1,0.00685,-0.00119,Other
Q6MG08,Abcf1,0.00817,-0.00784,Nucleus
Q6MG13,Dhx16,-0.00162,-0.01201,Nucleus
Q6MG14,Nrm,-0.003,8.1e-4,Other
Q6MG48,Prrc2a,-0.02234,0.00848,Other
Q6MG49,Bag6,0.02278,0.01116,Other
Q6MG55,Abhd16a,-0.00393,0.02035,Other
Q6MG60,Ddah2,-0.0214,-0.00608,Mitochondrion
Q6MG61,Clic1,0.02166,-0.00253,Mitochondrion
Q6MG85,Agpat1,-0.00124,-5.7e-4,Nucleus
Q6MGB4,Slc39a7,-0.01952,0.01061,Nucleus
Q6MGB5,Hsd17b8,0.01079,-0.01521,Mitochondrion
Q6MGC4,Pfdn6,-0.02307,-0.01886,Other
Q6NX65,Pdcd10,0.02556,0.00674,Other
Q6NYB7,Rab1A,0.01471,0.00967,Other
Q6P0K8,Jup,1.2e-4,0.0269,Cytoskeleton
Q6P4Z6,Lcmt1,0.01867,-0.00599,Other
Q6P4Z9,Cops8,-0.00599,0.00734,Nucleus
Q6P502,Cct3,0.02334,-0.01033,Cytoskeleton
Q6P5P3,Ttc9c,0.01223,-0.02111,Other
Q6P686,Ostf1,-0.01656,-0.01007,Other
Q6P689,Wls,0.02315,0.01731,Nucleus
Q6P6Q9,Micu1,-0.01464,-0.01106,Mitochondrion
Q6P6R2,Dld,0.00904,-0.02712,Mitochondrion
Q6P6S4,Sil1,0.00929,-0.02591,Other
Q6P6S5,Get1,0.00684,0.01103,Nucleus
Q6P6T4,Eml2,-0.00678,0.01916,Cytoskeleton
Q6P6T9,Kpna2,-0.0018,-0.01074,Nucleus
Q6P6V0,Gpi,0.02288,4.5e-4,Other
Q6P720,Arhgef25,-0.01149,-3.3e-4,Other
Q6P742,Plp2,-0.00861,-0.01764,Nucleus
Q6P747,Hp1bp3,-6e-4,0.00602,Nucleus
Q6P752,Tor1aip2,0.02058,0.0037,Nucleus
Q6P756,Necap2,0.00754,-0.0022,Other
Q6P767,Pttg1ip,-0.006,3.7e-4,Other
Q6P777,Mvb12a,-0.00312,-0.03387,Cytoskeleton
Q6P791,Lamtor1,-0.02693,0.00863,Other
Q6P799,Sars1,0.01701,-0.01912,Other
Q6P7A2,Ube4a,-0.00129,0.00106,Other
Q6P7A9,Gaa,-0.01604,-0.00859,Other
Q6P7B0,Wars1,-0.00906,-0.01333,Other
Q6P7B7,Zfyve27,-0.00284,0.00266,Nucleus
Q6P7D4,Cyp20a1,0.02676,-0.00883,Other
Q6P7D5,Mid1ip1,0.00305,-0.00387,Cytoskeleton
Q6P7P5,Bzw1,0.01542,-0.02394,Other
Q6P7Q1,Babam2,-0.01846,-0.01418,Nucleus
Q6P7Q4,Glo1,-0.00658,0.00796,Other
Q6P7R8,Hsd17b12,0.02521,0.01249,Nucleus
Q6P7S1,Asah1,0.0025,0.00492,Other
Q6P9T8,Tubb4b,-0.01454,0.02235,Cytoskeleton
Q6P9U3,Commd3,-0.01558,-0.00352,Other
Q6P9U8,Eif3h,-0.01767,-0.01222,Other
Q6P9X4,Ptp4a2,0.01986,0.00205,Other
Q6PCT3,Tpd52l2,-0.0111,-0.00988,Nucleus
Q6PCT5,Pqbp1,-0.0073,-0.0158,Nucleus
Q6PCU2,Atp6v1e1,-0.00237,-0.00223,Cytoskeleton
Q6PCU8,Ndufv3,0.01682,0.0059,Mitochondrion
Q6PDU1,Srsf2,-0.02774,0.00326,Nucleus
Q6PDU2,Mrps18a,0.02009,3.6e-4,Mitochondrion
Q6PDU7,Atp5mg,0.02617,0.01128,Mitochondrion
Q6PDV7,Rpl10,-0.00979,0.02266,Other
Q6PDW6,Mrpl17,-0.00394,0.00151,Mitochondrion
Q6PEC0,Nudt2,0.01697,-0.02562,Mitochondrion
Q6PEC1,Tbca,-0.02708,5.7e-4,Cytoskeleton
Q6PEC3,Yif1b,-0.02055,0.00582,Nucleus
Q6PEC4,Skp1,-0.02066,-0.01107,Cytoskeleton
Q6Q0N1,Cndp2,0.00485,0.01354,Other
Q6Q0N3,Nt5dc2,0.01566,0.02168,Mitochondrion
Q6Q7Y5,Gna13,0.01784,0.00108,Cytoskeleton
Q6QA27,Trim44,-0.00794,0.00987,Other
Q6QBQ4,Plscr3,0.01365,0.0157,Mitochondrion
Q6QD51,Ccdc80,-0.01642,0.00567,Other
Q6QGW5,Sra1,0.00446,-0.00668,Other
Q6QI25,Ormdl3,0.00706,0.00308,Nucleus
Q6QI44,Naa25,0.00316,-0.01821,Other
Q6QI89,Morf4l2,0.00758,-0.02022,Nucleus
Q6R518,Gpn3,0.00411,-0.00671,Other
Q6RJR6,Rtn3,0.01866,0.02764,Nucleus
Q6RUV5,Rac1,0.02015,-0.00155,Cytoskeleton
Q6SA80,Rnd3,0.01824,0.01134,Other
Q6TEK3,Vkorc1l1,-0.01834,0.02081,Nucleus
Q6TEK4,Vkorc1,0.01545,0.01887,Nucleus
Q6TMG5,Ikbkg,-0.02224,-0.00595,Cytoskeleton
Q6TQE1,Zc3h18,-0.01997,0.00342,Nucleus
Q6TRW4,Pds5b,0.00363,0.01813,Nucleus
Q6TUD4,Yipf3,-0.00703,0.01792,Other
Q6TUG0,Dnajb11,-0.02076,-0.00845,Other
Q6TXG8,Mrps28,0.01266,-0.00349,Mitochondrion
Q6TXG9,Sfr1,-0.01901,-0.00864,Nucleus
Q6U6G5,Zc3h15,-0.01587,-0.02335,Other
Q6UK00,Ldaf1,-0.01741,0.01391,Nucleus
Q6UPE1,Etfdh,8.2e-4,0.0231,Mitochondrion
Q6UPR8,Ermp1,0.01699,-1.5e-4,Nucleus
Q6URK4,Hnrnpa3,0.00651,0.02174,Nucleus
Q6V7K3,Slc35b1,0.0116,-0.01076,Nucleus
Q6V7V2,Rtkn,0.01615,-0.02081,Cytoskeleton
Q6V9V9,Stk25,0.01217,0.01807,Other
Q6VBQ5,Myadm,-0.00594,0.00504,Cytoskeleton
Q6VEU1,Nob1,-0.0028,0.00736,Other
Q6VV72,Eif1a,0.00916,0.01001,Other
Q6W3E9,P4ha3,0.01848,0.01185,Other
Q6WN19,Rtn2,0.02529,0.00667,Cytoskeleton
Q6X936,Kirrel1,-0.00353,-0.00634,Nucleus
Q6XFR6,Gypc,-0.01507,0.00496,Cytoskeleton
Q6XLI7,Rbm12,0.01275,-0.00782,Other
Q6XUX2,Dstyk,0.01148,-0.00463,Other
Q6XVN8,Map1lc3a,0.021329999999999998,-0.00702,Cytoskeleton
Q6Y1S1,Myd88,0.00522,-0.00862,Other
Q6YAT4,Sgce,0.01301,0.00123,Nucleus
Q704S8,Crat,-0.00987,-0.01837,Mitochondrion
Q711G3,Iah1,0.00255,-0.01435,Other
Q712U5,Arpp19,-0.00919,0.01999,Other
Q71TY3,Rps27,-3e-5,-0.0095,Nucleus
Q71UE8,Nedd8,-0.0155,0.00437,Other
Q71UF4,Rbbp7,0.00506,0.03203,Nucleus
Q75Q39,Tomm70,0.023,-0.00432,Mitochondrion
Q75Q40,Tomm40,0.01837,-6.8e-4,Mitochondrion
Q75Q41,Tomm22,0.00504,0.0234,Mitochondrion
Q75UQ2,Cfdp1,-0.02147,-0.00825,Nucleus
Q75WE7,Vwa5a,0.01408,-0.0177,Other
Q76IC5,Pgpep1,-0.00552,-0.00335,Other
Q76K24,Ankrd46,0.00688,-0.00757,Other
Q78EG7,Ptp4a1,0.00532,0.00223,Cytoskeleton
Q78P75,Dynll2,-0.00841,0.02467,Cytoskeleton
Q78PB6,Ndel1,-0.00923,-0.01415,Cytoskeleton
Q792H5,Celf2,0.0146,0.01267,Other
Q792I0,Lin7c,-0.00585,0.02181,Other
Q793F9,Vps4a,-0.01676,-0.00969,Cytoskeleton
Q794E4,Hnrnpf,0.0182,0.0241,Nucleus
Q794F9,Slc3a2,-0.02311,-0.00262,Other
Q7M0E3,Dstn,0.02541,0.00719,Cytoskeleton
Q7M6Z3,Smyd2,0.02113,-0.00337,Other
Q7M767,Ube2v2,0.01368,0.01196,Other
Q7TMA5,Apob,-0.01747,0.01434,Nucleus
Q7TMD5,Zc3h14,0.00218,0.00358,Nucleus
Q7TMZ5,Arl6ip1,-0.00514,0.00759,Nucleus
Q7TNA8,Ldhal6b,0.00145,0.01975,Mitochondrion
Q7TNK0,Serinc1,0.00313,-0.01005,Nucleus
Q7TNY6,Acbd3,-7.7e-4,-0.03205,Mitochondrion
Q7TP01,Saal1,0.01689,0.02242,Other
Q7TP13,Gpt2,0.02462,0.00224,Mitochondrion
Q7TP21,Rpa1,0.01633,0.02219,Nucleus
Q7TP40,Pcnp,-0.01956,0.01061,Nucleus
Q7TP42,Sec62,0.02237,0.00993,Nucleus
Q7TP47,Syncrip,-0.00755,-0.00581,Nucleus
Q7TP48,Apmap,-0.0093,-0.00655,Other
Q7TP54;P02793,Ftl1;Ripor2,-0.00578,-0.02431,Other
Q7TP59,Dipk2a,0.00583,-0.02157,Other
Q7TP65,Ankle2,0.00261,0.02735,Nucleus
Q7TP98,Ilf2,0.00418,-0.01176,Nucleus
Q7TPA0,Pid1,0.01981,-7.3e-4,Other
Q7TPB1,Cct4,0.00529,-0.02791,Cytoskeleton
Q7TPB4,Cd276,-0.0108,0.01819,Other
Q7TPJ0,Ssr1,-0.01401,-0.01446,Nucleus
Q7TPL3,Kctd10,-0.00287,-0.00898,Other
Q7TQ11,Vtn,0.01017,0.00496,Other
Q7TQ16,Uqcrq,0.01955,7.1e-4,Mitochondrion
Q7TQ20,Dnajc2,-0.02015,0.00184,Nucleus
Q7TQ86,Rsl1d1,-0.01105,0.01024,Nucleus
Q7TQ94,Nit1,0.02661,-0.00417,Mitochondrion
Q7TQN4,Rela,-0.01063,-0.00607,Nucleus
Q7TSA0,Rhot2,-0.01099,0.00686,Mitochondrion
Q7TSE9,Hax1,-0.00824,-0.00116,Mitochondrion
Q7TSP2,Kif15,-0.01166,-0.01624,Cytoskeleton
Q7TSU1,Arfgef2,-0.00306,-0.02686,Cytoskeleton
Q7TT49,Cdc42bpb,-0.00782,0.01138,Cytoskeleton
Q80T18,Gmfg,-0.01384,-0.0117,Cytoskeleton
Q80U96,Xpo1,0.02742,0.0088,Nucleus
Q80W83,Ppp2r5b,0.00984,-0.02814,Other
Q80W92,Vac14,-0.00428,-0.00497,Other
Q80WE1,Fmr1,0.01278,0.00803,Cytoskeleton
Q80WF4,Tmem132a,-0.00315,-0.01506,Nucleus
Q80WL2,Bysl,0.01626,-0.00109,Nucleus
Q80X08,Washc2,-0.02643,-0.00834,Other
Q80YV8,Cxcl12,0.01226,-0.01717,Other
Q80Z29,Nampt,-0.00434,-0.02557,Mitochondrion
Q80Z30,Ppm1e,-0.00405,-0.00639,Other
Q80Z70,Sel1l,-0.02125,-0.0049,Nucleus
Q80ZF4,Mapkapk2,-0.0029,0.0227,Other
Q80ZG1,Ric8a,0.01998,-0.01184,Other
Q80ZG2,Itpkc,0.00722,-2.5e-4,Nucleus
Q810F4,Fam3c,-0.01243,-0.00324,Other
Q810U0,Ccdc50,-0.00492,0.00191,Other
Q811A3,Plod2,0.00215,-0.01833,Nucleus
Q811S9,Gnl3,-0.00763,-0.0126,Nucleus
Q811U3,Erc1,-0.00845,-0.01717,Cytoskeleton
Q812D1,Psip1,-0.02512,0.00544,Nucleus
Q812D3,Ppil3,0.00131,-8.8e-4,Nucleus
Q8CF97,Vcpip1,-0.01383,-0.03128,Other
Q8CFC1,Riox2,0.00445,0.03062,Nucleus
Q8CFN2,Cdc42,-0.00549,-0.02454,Cytoskeleton
Q8CG45,Akr7a2,0.0212,-0.00918,Mitochondrion
Q8CGS4,Chmp3,0.01691,-0.01467,Cytoskeleton
Q8CGS5,Elac2,0.00451,0.00575,Mitochondrion
Q8CGU6,Ncstn,0.00441,-0.01767,Nucleus
Q8CGV7,Thtpa,0.01171,0.02813,Other
Q8CGX0,Igf2bp1,-0.01131,0.01231,Cytoskeleton
Q8CHJ4,Yy1,-0.01258,0.02066,Nucleus
Q8CHN6,Sgpl1,-0.00328,-0.00874,Nucleus
Q8CHN8,Masp1,9.5e-4,-0.01972,Other
Q8CIY2,Duox1,0.00143,-0.01385,Other
Q8CJB9,Rnf40,-0.01652,-0.00392,Nucleus
Q8K1P7,Smarca4,-0.00625,0.00153,Nucleus
Q8K1P9,Fads3,0.00267,-0.00241,Nucleus
Q8K1Q0,Nmt1,-0.02093,7e-5,Other
Q8K3E7,Dpy30,-0.01943,-0.00543,Nucleus
Q8K3F3,Ppp1r14b,-0.01935,0.01229,Other
Q8K3P7,Hint3,0.00323,-0.03219,Mitochondrion
Q8K3V3,Adgrg1,0.02091,0.00927,Other
Q8K3X0,Casc3,-0.00695,0.01348,Nucleus
Q8K3X8,Hsbp1,-0.02682,0.00216,Nucleus
Q8K3Y6,Zc3hav1,-0.01127,-0.00513,Other
Q8K4F7,Dcps,0.02432,0.00261,Nucleus
Q8K4G6,Macrod1,0.0194,-0.01837,Mitochondrion
Q8K4K5,Llgl1,0.0098,0.02621,Cytoskeleton
Q8K4S7,Cblb,0.0181,-0.0011,Other
Q8K4V4,Snx27,1.6e-4,0.01766,Other
Q8K581,Txndc9,-0.00227,-6e-5,Cytoskeleton
Q8K585,Hmga1,0.01029,-0.01663,Nucleus
Q8K5A9,Nradd,-0.0093,-0.01023,Other
Q8K5B3,Mcfd2,-0.02007,0.00333,Nucleus
Q8R2E7,Fadd,-0.01629,0.01413,Other
Q8R3Z7,Ehd4,0.02512,0.00109,Nucleus
Q8R424,Stambp,0.0151,-0.00909,Other
Q8R478,Wbp2,0.02228,-0.00258,Nucleus
Q8R490,Cdh13,-0.02312,-0.00322,Other
Q8R491,Ehd3,-0.01011,0.01171,Nucleus
Q8R4A1,Ero1a,0.01482,-0.01242,Nucleus
Q8R4Z9,Mfn1,0.00214,-0.01486,Mitochondrion
Q8R500,Mfn2,-3.4e-4,0.02222,Mitochondrion
Q8R511,Fnbp1,-0.00304,0.01283,Other
Q8R560,Ankrd1,0.00128,-0.02564,Other
Q8R5G4,Cdkn2c,-0.00128,0.01772,Other
Q8R5M4,Optn,-0.00298,0.00907,Nucleus
Q8VD48,Dhrs9,0.0259,-0.00221,Nucleus
Q8VH46,Afap1,0.01634,3e-5,Cytoskeleton
Q8VHE9,Retsat,0.00652,0.02649,Nucleus
Q8VHF0,Mark3,0.01858,0.02676,Other
Q8VHF5,Cs,0.02454,0.0115,Mitochondrion
Q8VHI8,Bnip1,-0.00792,0.01565,Mitochondrion
Q8VHK0,Acot8,0.00135,-0.00788,Other
Q8VHK7,Hdgf,-0.02736,0.00754,Other
Q8VHT6,As3mt,0.0044,0.01746,Other
Q8VHU4,Elp1,0.01615,0.01573,Other
Q8VHV7,Hnrnph1,0.01642,0.02993,Nucleus
Q8VHV8,Selenos,0.00322,-0.02001,Cytoskeleton
Q8VI02,Ppp4r1,-3.6e-4,-0.0178,Other
Q8VI04,Asrgl1,-0.01031,0.02081,Other
Q8VI60,Sulf1,0.01563,-0.01452,Other
Q8VIB2,Daxx,-0.00399,0.01832,Nucleus
Q8VID1,Dhrs4,0.00772,-0.00476,Mitochondrion
Q8VII6,Slc44a1,-0.01014,0.0186,Mitochondrion
Q8VIJ5,Oga,-0.01844,0.01831,Other
Q8VIL3,Zwint,-0.01268,-0.02041,Nucleus
Q91V33,Khdrbs1,-0.02356,-0.00453,Other
Q91XJ1,Becn1,0.00642,0.02591,Mitochondrion
Q91XS8,Stk17b,0.0104,-0.00824,Cytoskeleton
Q91XU1,Qki,-0.01442,-0.01309,Other
Q91XU8,Cds2,0.001,0.00333,Mitochondrion
Q91Y53,Dnttip1,0.00641,0.0096,Nucleus
Q91Y78,Uchl3,-0.02145,0.00663,Other
Q91Y81,Septin2,0.0081,-0.02451,Cytoskeleton
Q91ZQ0,Vmp1,-0.01861,0.00736,Nucleus
Q91ZS3,Sdf4,-0.02124,-0.00775,Other
Q91ZW1,Tfam,-0.0051,0.0095,Mitochondrion
Q91ZW6,Tmlhe,0.01322,-0.01437,Mitochondrion
Q920A6,Scpep1,-0.00564,-0.00847,Other
Q920D2,Dhfr,0.02402,-0.01084,Mitochondrion
Q920F5,Mlycd,-0.0053,-0.00791,Mitochondrion
Q920G2,Nherf2,-0.01292,0.00874,Other
Q920J4,Txnl1,-0.01622,0.02187,Other
Q920L2,Sdha,0.01415,0.00728,Mitochondrion
Q920L7,Elovl5,-0.00733,0.0256,Nucleus
Q920Q0,Palm,-0.02224,-0.00996,Cytoskeleton
Q920R3,Fads1,0.00463,0.00956,Mitochondrion
Q923M1,Msra,-0.00963,0.0066,Mitochondrion
Q923V4,Fbxo6,0.00195,0.01529,Other
Q923V8,Selenof,-0.0223,0.01986,Other
Q923W4,Hdgfl3,-0.02122,0.00358,Other
Q924C3,Enpp1,-0.00312,0.01667,Other
Q924K2,Faf1,0.00435,-0.02185,Nucleus
Q924S1,Agpat4,0.00448,-0.01779,Mitochondrion
Q924S5,Lonp1,0.02161,-0.01913,Mitochondrion
Q925G0,Rbm3,-0.01652,-0.01442,Nucleus
Q925G1,Hdgfl2,-0.02593,-0.00507,Other
Q925S8,Yme1l1,0.02022,-0.00684,Mitochondrion
Q99068,Lrpap1,-0.02654,0.00472,Other
Q99376,Tfrc,-0.00989,-0.01537,Nucleus
Q99J82,Ilk,0.02478,0.00205,Cytoskeleton
Q99J86,Atrn,0.01331,0.01741,Other
Q99JD4,Clasp2,-0.00247,-0.03084,Cytoskeleton
Q99JE6,Plcb3,-0.0147,-0.00739,Other
Q99M63,Smu1,-0.00266,0.01021,Nucleus
Q99M64,Pi4k2a,-0.00827,-0.01228,Mitochondrion
Q99MB4,Zng1,0.02196,-0.00474,Other
Q99MI7,Uba3,0.02553,-0.00322,Other
Q99ML5,Pcyox1,0.02634,0.00451,Other
Q99MM4,Trafd1,0.00574,-0.01544,Mitochondrion
Q99MY2,Nudt4,0.01747,-7.5e-4,Other
Q99MZ8,Lasp1,-0.02798,-0.00235,Cytoskeleton
Q99N27,Snx1,0.01086,0.00755,Other
Q99N37,Arhgap17,0.00363,0.02662,Other
Q99NA5,Idh3a,0.01743,0.02114,Mitochondrion
Q99ND9,Rwdd1,0.00603,0.02334,Other
Q99P39,Nfs1,0.01643,-0.02299,Mitochondrion
Q99P55,Sgpp1,-6.4e-4,-0.02458,Nucleus
Q99P63,Micu2,0.01589,0.02162,Mitochondrion
Q99P75,Rab9a,-0.00671,-0.00557,Nucleus
Q99P77,Gtpbp4,0.0076,-0.00887,Nucleus
Q99P96,Hdac7,-0.00818,0.01304,Nucleus
Q99PD4,Arpc1a,-0.01166,0.0082,Cytoskeleton
Q99PD6,Tgfb1i1,-0.01706,-0.01149,Nucleus
Q99PF5,Khsrp,-0.02783,-1.3e-4,Other
Q99PM1,Tox4,-0.00872,0.0109,Nucleus
Q99PP0,Ccn4,0.00695,-0.02311,Other
Q99PV2,Stxbp3,-0.00176,0.00845,Other
Q99PV3,Mkln1,-4.5e-4,0.01074,Other
Q99PW3,Neu1,2.3e-4,0.00293,Other
Q9EPB1,Dpp7,0.0254,-0.00293,Other
Q9EPC6,Pfn2,0.02216,-0.00487,Other
Q9EPF2,Mcam,-0.02693,0.00152,Other
Q9EPH2,Marcksl1,-0.01754,0.00973,Cytoskeleton
Q9EPH8,Pabpc1,-0.0145,-0.0124,Nucleus
Q9EPJ0,Nucks1,-0.02418,-0.00368,Nucleus
Q9EPJ3,Mrps26,0.00479,-0.02538,Mitochondrion
Q9EPV5,Apaf1,0.01404,-0.01178,Other
Q9EPX0,Hspb8,-0.00599,0.0213,Other
Q9EPY0,Card9,0.00712,0.01614,Other
Q9EQG6,Kidins220,4e-5,0.00157,Other
Q9EQH1,Gab2,-0.02124,0.01456,Other
Q9EQH5,Ctbp2,0.01671,0.0046,Other
Q9EQR2,Agps,0.01107,-0.00127,Mitochondrion
Q9EQS0,Taldo1,0.02378,-0.00481,Other
Q9EQV6,Tpp1,0.00133,0.0162,Other
Q9EQX9,Ube2n,0.02092,0.01466,Nucleus
Q9EQZ1,Tsc22d3,-0.01278,-0.01413,Other
Q9ER24,Atxn10,0.02255,-0.01359,Cytoskeleton
Q9ER30,Klhl41,0.00401,0.01906,Nucleus
Q9ER34,Aco2,-0.01537,-0.02119,Mitochondrion
Q9ERB4,Vcan,-0.00796,0.00752,Other
Q9ERE4,Golph3,0.00632,-0.01014,Mitochondrion
Q9ERE6,Mprip,0.0042,0.00337,Cytoskeleton
Q9ERH3,Wdr7,0.00647,-0.00946,Other
Q9ERR2,Commd5,0.02362,-0.01942,Other
Q9ERU2,Znf22,-0.0074400000000000004,0.00913,Other
Q9ES21,Sacm1l,0.01494,0.00466,Nucleus
Q9ES40,Arl6ip5,-0.02183,-0.00378,Nucleus
Q9ES53,Ufd1,-0.0101,0.00778,Nucleus
Q9ES54,Nploc4,-0.02339,0.00854,Nucleus
Q9ES72,Ccn1,-0.01341,-3.7e-4,Other
Q9ES73,Maged1,-0.01829,0.02071,Nucleus
Q9ESH6,Glrx,0.01874,-0.01964,Other
Q9ESN0,Niban1,-0.00139,0.01675,Other
Q9ESS6,Bcam,-0.00507,0.0118,Other
Q9EST6,Anp32b,-0.0197,-0.01568,Nucleus
Q9ESV1,Luzp1,-0.01805,-0.01432,Cytoskeleton
Q9ESW0,Ddb1,0.02342,0.00868,Nucleus
Q9ESZ0,Xrcc1,-0.02215,0.00751,Nucleus
Q9ET20,Scamp4,-0.00557,0.02857,Other
Q9ET50,Stau1,-0.01378,-0.02646,Cytoskeleton
Q9ET64,Smpd2,0.00433,0.02281,Other
Q9HB97,Parva,0.0129,-0.01538,Cytoskeleton
Q9JHB5,Tsnax,0.02183,-0.00287,Nucleus
Q9JHE5,Slc38a2,0.00775,0.01551,Cytoskeleton
Q9JHE8,Ninj2,-0.00441,-0.00685,Other
Q9JHL4,Dbnl,-0.02714,0.00311,Cytoskeleton
Q9JHU5,Arfip1,-0.01523,0.00698,Other
Q9JHW0,Psmb7,0.01925,0.01353,Nucleus
Q9JHW1,Cpd,-0.00425,-0.02234,Other
Q9JHW5,Vamp7,0.02399,0.00761,Nucleus
Q9JHX4,Casp8,-0.00362,0.0184,Mitochondrion
Q9JHY2,Sfxn3,-0.00251,0.01288,Mitochondrion
Q9JHY8,Lig1,-0.00656,-0.01951,Other
Q9JHZ4,Gripap1,-0.01274,-0.02446,Other
Q9JI03,Col5a1,-0.02255,0.01476,Other
Q9JI51,Vti1a,-0.01106,-0.02676,Nucleus
Q9JI85,Nucb2,-0.02862,0.00132,Nucleus
Q9JI92,Sdcbp,0.01881,-0.02415,Nucleus
Q9JID2,Gna11,0.00989,-0.00585,Other
Q9JIH7,Wnk1,-0.0207,-0.0048,Cytoskeleton
Q9JIL3,Ilf3,-0.00402,-0.0142,Mitochondrion
Q9JIL8,Rad50,-0.00625,-0.03622,Nucleus
Q9JIL9,Nbn,-0.01517,0.01219,Nucleus
Q9JIM0,Mre11,0.00818,-0.01482,Nucleus
Q9JIR4,Rims1,-0.00414,5.4e-4,Other
Q9JIT3,Tle3,-0.01762,0.00956,Nucleus
Q9JIX5,Chd8,0.01206,-0.02594,Nucleus
Q9JJ05,C1galt1,-0.00376,0.02058,Other
Q9JJ19,Nherf1,-0.02416,-0.00286,Other
Q9JJ22,Erap1,0.01832,0.009,Nucleus
Q9JJ31,Cul5,0.01069,0.03038,Other
Q9JJ46,Ebp,-0.0019,0.00534,Nucleus
Q9JJ50,Hgs,0.00181,0.01635,Other
Q9JJ54,Hnrnpd,-0.0194,-0.00345,Nucleus
Q9JJK4,Pex3,-0.01805,0.00289,Other
Q9JJL4,Rhoq,0.01342,0.01619,Cytoskeleton
Q9JJM9,Septin5,0.01044,-0.02708,Cytoskeleton
Q9JJP9,Ubqln1,-0.02385,-0.00441,Nucleus
Q9JJS5,Sh3bp4,-0.00505,-0.01814,Other
Q9JJW3,Atp5mk,0.02529,0.00786,Mitochondrion
Q9JK11,Rtn4,0.02332,-0.01425,Nucleus
Q9JK25,Clip1,-0.02545,-0.01172,Cytoskeleton
Q9JK41,Slc31a1,0.0081,0.01323,Other
Q9JK72,Ccs,-0.01474,-0.0242,Mitochondrion
Q9JKC9,Synrg,-0.01019,0.01868,Nucleus
Q9JKL7,Srek1,-0.01456,-0.00427,Nucleus
Q9JKL8,Adnp,-0.01225,0.00816,Nucleus
Q9JKW1,Timm22,-0.01661,0.00264,Mitochondrion
Q9JL55,Gde1,0.0106,-0.01322,Other
Q9JLA3,Uggt1,0.01181,0.01579,Other
Q9JLH7,Cdk5rap3,2.9e-4,-0.00479,Cytoskeleton
Q9JLJ3,Aldh9a1,0.02518,0.00651,Mitochondrion
Q9JLT0,Myh10,-0.00553,-0.00233,Cytoskeleton
Q9JLT6,Bid,-0.01768,-0.01208,Mitochondrion
Q9JLZ1,Glrx3,0.01903,0.00253,Other
Q9JM04,Ipo13,0.00926,-0.00869,Other
Q9JM53,Aifm1,-0.02417,0.00159,Mitochondrion
Q9JMB5,Adrm1,-0.01995,0.01021,Other
Q9JMI1,Aacs,0.00849,2.6e-4,Other
Q9JMJ4,Prpf19,0.0116,0.01177,Cytoskeleton
Q9QUK5,Hspb7,-0.01433,-0.01644,Cytoskeleton
Q9QUL6,Nsf,-0.01247,-0.00396,Other
Q9QUR2,Dctn4,-0.01822,0.00921,Cytoskeleton
Q9QVC8,Fkbp4,-0.0206,0.00566,Mitochondrion
Q9QW07,Plcb4,-8.8e-4,-0.00433,Other
Q9QW30,Notch2,-0.01088,0.01656,Nucleus
Q9QWJ9,Nrp1,-0.00551,0.0116,Mitochondrion
Q9QX67,Dap,-0.01483,0.02128,Other
Q9QX69,Lancl1,0.00979,0.00104,Other
Q9QX82,Cd164,-0.02302,0.01576,Other
Q9QXJ0,Ttl,-0.00727,-0.02171,Cytoskeleton
Q9QXL7,Nme7,-4.3e-4,0.01993,Cytoskeleton
Q9QXQ0,Actn4,0.01211,-0.01947,Cytoskeleton
Q9QXU8,Dync1li1,0.01204,-0.01311,Cytoskeleton
Q9QXY4,Ogfr,-0.02122,-4.7e-4,Other
Q9QY17,Pacsin2,0.00141,0.01025,Other
Q9QY78,Ikbkb,0.01813,0.00774,Other
Q9QYF3,Myo5a,-0.00703,0.00565,Cytoskeleton
Q9QYG8,Uck2,0.02527,0.00984,Other
Q9QYL8,Lypla2,-0.00382,0.02511,Other
Q9QYM2,Parg,-0.0068,-0.0096,Mitochondrion
Q9QYP1,Lrp4,-0.00728,-0.0102,Other
Q9QYU1,Pex19,-0.02799,-0.00138,Cytoskeleton
Q9QYU2,Tsfm,0.01613,0.01256,Mitochondrion
Q9QYW3,Mob4,0.01264,0.00552,Nucleus
Q9QYW5,Emp3,0.00547,0.03069,Other
Q9QZ76,Mb,-0.0061,0.03048,Other
Q9QZ81,Ago2,-0.01041,0.02101,Other
Q9QZ86,Nop58,0.00632,0.00298,Nucleus
Q9QZA2,Pdcd6ip,0.00317,0.0086,Cytoskeleton
Q9QZA6,Cd151,0.01758,-0.0082,Other
Q9QZK5,Htra1,0.00542,0.0017,Other
Q9QZK8,Dnase2,-0.01042,-0.02145,Other
Q9QZM5,Abi1,0.00905,-0.01942,Cytoskeleton
Q9QZP1,Gemin2,-0.0098,0.00942,Nucleus
Q9QZR6,Septin9,0.02047,-0.01276,Cytoskeleton
Q9R037,Wdr44,-0.01809,-0.01889,Nucleus
Q9R050,Ssbp3,0.00867,-9.1e-4,Other
Q9R063,Prdx5,-0.0121,-0.02466,Mitochondrion
Q9R064,Gorasp2,0.0109,0.00853,Other
Q9R066,Cxadr,-0.01593,-0.00784,Cytoskeleton
Q9R080,Gpsm1,-0.01579,0.01916,Nucleus
Q9R085,Usp15,0.01697,-0.02364,Mitochondrion
Q9R0A8,Haus1,-0.00784,-0.01554,Cytoskeleton
Q9R0C5,Galnt7,0.0056,-0.01447,Other
Q9R0C9,Sigmar1,0.0221,0.01574,Nucleus
Q9R0I6,Xiap,-0.01139,-0.02196,Other
Q9R0I8,Pip4k2a,-0.0257,0.0042,Other
Q9R0J8,Lgmn,-0.02606,0.0125,Nucleus
Q9R0L4,Cand2,-0.0085,0.01154,Other
Q9R0T3,Dnajc3,-0.00514,-0.02446,Other
Q9R0Z7,Aagab,0.01508,-0.00415,Other
Q9R1B1,Timm10b,-0.01271,0.01063,Mitochondrion
Q9R1D1,Ctcf,-0.00571,0.00988,Nucleus
Q9R1E9,Ccn2,-0.00275,-0.00583,Other
Q9R1J8,P3h1,0.0254,0.0086,Other
Q9R1R4,Tdrd7,-0.01071,-0.00683,Other
Q9R1T1,Banf1,-0.01603,0.02055,Nucleus
Q9R1Z0,Vdac3,0.02372,-0.00577,Mitochondrion
Q9WTN5,Tpcn1,0.00267,0.00907,Other
Q9WTP0,Epb41l1,-0.0142,0.01502,Other
Q9WTQ1,Prkd1,-0.00274,0.01931,Nucleus
Q9WTT2,Clpb,-0.00721,0.0284,Mitochondrion
Q9WTT7,Bzw2,-0.00803,-0.01264,Other
Q9WTV0,Preb,-0.02447,-0.0027,Nucleus
Q9WTV5,Psmd9,-0.0276,0.00183,Other
Q9WU49,Carhsp1,-0.01819,-0.0131,Other
Q9WU61,Clcc1,-0.00383,0.02313,Mitochondrion
Q9WU82,Ctnnb1,0.02188,0.00997,Cytoskeleton
Q9WUC4,Atox1,-0.01963,-0.01826,Other
Q9WUC8,Plrg1,0.00466,-0.02531,Nucleus
Q9WUD2,Trpv2,0.00494,-0.00866,Other
Q9WUD9,Src,0.025,0.00995,Mitochondrion
Q9WUF4,Vamp8,-0.01554,-0.014880000000000001,Nucleus
Q9WUH4,Fhl1,0.00706,0.02868,Other
Q9WUJ3,Pde4dip,-0.00362,-0.01341,Cytoskeleton
Q9WUL0,Top1,0.001,-0.0019,Nucleus
Q9WUQ1,Adamts1,-0.01496,-0.01238,Other
Q9WV25,Puf60,0.0142,-0.01987,Other
Q9WV63,Kif2a,0.00146,0.02191,Cytoskeleton
Q9WV97,Timm9,-0.01543,0.01747,Mitochondrion
Q9WVA1,Timm8a,-0.01822,0.01403,Other
Q9WVB1,Rab6a,0.02449,-0.00895,Cytoskeleton
Q9WVC0,Septin7,-0.00593,0.0031,Cytoskeleton
Q9WVC1,Slit2,0.00655,-0.01268,Other
Q9WVC7,Akap6,0.01578,-0.00751,Nucleus
Q9WVE9,Itsn1,-0.00549,-6.2e-4,Cytoskeleton
Q9WVH8,Fbln5,0.02001,0.01869,Other
Q9WVJ4,Synj2bp,-0.0201,-0.01588,Mitochondrion
Q9WVK7,Hadh,-0.01956,-0.00741,Mitochondrion
Q9WVR3,Inppl1,-0.02345,-0.00864,Cytoskeleton
Q9WVR7,Ppm1f,0.01634,0.00292,Nucleus
Q9WVS2,Osgep,0.00493,-0.02589,Other
Q9Z0J5,Txnrd2,-0.0045,-0.00125,Mitochondrion
Q9Z0T0,Tpmt,0.02476,-0.00936,Other
Q9Z0V5,Prdx4,0.02094,-0.0023,Mitochondrion
Q9Z0V6,Prdx3,0.02825,2.8e-4,Mitochondrion
Q9Z0W7,Clic4,0.00743,-0.02761,Mitochondrion
Q9Z118,Ptbp3,0.00887,0.00385,Other
Q9Z122,Fads2,0.01671,0.00401,Nucleus
Q9Z136,Tsc1,-0.00606,-0.02112,Cytoskeleton
Q9Z142,Tmem33,0.01889,-0.01541,Nucleus
Q9Z158,Stx17,0.00782,-0.01507,Mitochondrion
Q9Z1A5,Nae1,-0.01738,-0.00321,Other
Q9Z1A6,Hdlbp,-0.01109,-0.01478,Nucleus
Q9Z1B2,Gstm5,0.02402,-0.00371,Other
Q9Z1E1,Flot1,0.00867,-4.9e-4,Cytoskeleton
Q9Z1H9,Cavin3,-0.01562,-0.01537,Other
Q9Z1I6,Arhgef1,0.01498,0.00617,Other
Q9Z1K9,Adam17,0.01007,0.01165,Cytoskeleton
Q9Z1M9,Smc1a,-0.01778,0.00983,Cytoskeleton
Q9Z1N4,Bpnt1,0.01397,0.0164,Mitochondrion
Q9Z1P2,Actn1,0.02484,0.00319,Cytoskeleton
Q9Z1P3,Mcl1,0.01805,-0.00495,Mitochondrion
Q9Z1W6,Mtdh,-0.0145,-0.02482,Nucleus
Q9Z1X1,Esyt1,0.01903,-0.00793,Nucleus
Q9Z1Z3,Epn2,-0.0132,0.00813,Other
Q9Z1Z6,Ilkap,0.00263,-0.00163,Other
Q9Z1Z9,Pdlim7,-0.02036,0.02128,Cytoskeleton
Q9Z244,Gmpr,0.00241,-0.01293,Other
Q9Z254,Gipc1,-0.02273,-0.00413,Other
Q9Z269,Vapb,-0.02186,-0.01674,Nucleus
Q9Z270,Vapa,-0.02592,0.00958,Cytoskeleton
Q9Z272,Git1,0.01374,0.00486,Cytoskeleton
Q9Z2A6,Mapk15,0.02625,0.00849,Cytoskeleton
Q9Z2F5,Ctbp1,0.01821,0.00845,Other
Q9Z2G8,Nap1l1,-0.0172,0.02009,Nucleus
Q9Z2J4,Nexn,-0.01283,0.00529,Cytoskeleton
Q9Z2J5,Vamp5,-0.01255,0.00375,Nucleus
Q9Z2L0,Vdac1,0.02242,-0.01405,Mitochondrion
Q9Z2P4,Rgcc,-0.01155,0.00991,Cytoskeleton
Q9Z2P5,Ripk3,-0.00258,-0.00557,Other
Q9Z2P6,Snap29,-0.01554,0.01296,Mitochondrion
Q9Z2Q1,Sec31a,0.02469,-3.6e-4,Nucleus
Q9Z2Q4,Mtr,0.00215,-0.01022,Other
Q9Z2Q7,Stx8,-0.01519,-0.0058,Nucleus
Q9Z2S9,Flot2,0.00112,-0.01443,Cytoskeleton
Q9Z2X3,Psmd10,0.01514,-0.00526,Other
Q9Z2X5,Homer3,-0.02205,0.01269,Other
Q9Z2Z8,Dhcr7,0.02197,0.01568,Nucleus
Q9Z311,Mecr,0.01839,-0.0045,Mitochondrion
Q9Z327,Synpo,-0.01699,0.00373,Cytoskeleton
Q9Z330,Dnmt1,-0.02088,0.00939,Mitochondrion
Q9Z336,Dynlt1,0.01805,0.00627,Cytoskeleton
Q9Z339,Gsto1,0.02024,-5.4e-4,Other
Q9Z340,Pard3,-0.01446,0.01034,Other
